#
# There is insufficient memory for the Java Runtime Environment to continue.
# Native memory allocation (malloc) failed to allocate 248352 bytes for Chunk::new
# Possible reasons:
#   The system is out of physical RAM or swap space
#   The process is running with CompressedOops enabled, and the Java Heap may be blocking the growth of the native heap
# Possible solutions:
#   Reduce memory load on the system
#   Increase physical memory or swap space
#   Check if swap backing store is full
#   Decrease Java heap size (-Xmx/-Xms)
#   Decrease number of Java threads
#   Decrease Java thread stack sizes (-Xss)
#   Set larger code cache with -XX:ReservedCodeCacheSize=
#   JVM is running with Unscaled Compressed Oops mode in which the Java heap is
#     placed in the first 4GB address space. The Java Heap base address is the
#     maximum limit for the native heap growth. Please use -XX:HeapBaseMinAddress
#     to set the Java Heap base and to place the Java Heap above 4GB virtual address.
# This output file may be truncated or incomplete.
#
#  Out of Memory Error (arena.cpp:168), pid=20684, tid=15936
#
# JRE version: Java(TM) SE Runtime Environment (21.0.5+9) (build 21.0.5+9-LTS-239)
# Java VM: Java HotSpot(TM) 64-Bit Server VM (21.0.5+9-LTS-239, mixed mode, sharing, tiered, compressed oops, compressed class ptrs, g1 gc, windows-amd64)
# No core dump will be written. Minidumps are not enabled by default on client versions of Windows
#

---------------  S U M M A R Y ------------

Command Line: -javaagent:C:\Program Files\JetBrains\IntelliJ IDEA Community Edition 2024.2.4\lib\idea_rt.jar=49924:C:\Program Files\JetBrains\IntelliJ IDEA Community Edition 2024.2.4\bin -Dfile.encoding=UTF-8 -Dsun.stdout.encoding=UTF-8 -Dsun.stderr.encoding=UTF-8 com.salon.salon.service.SalonServiceApplication

Host: AMD Ryzen 7 4800H with Radeon Graphics         , 16 cores, 7G,  Windows 11 , 64 bit Build 26100 (10.0.26100.9168)
Time: Sun Aug 23 19:37:53 2026 India Standard Time elapsed time: 1339.331913 seconds (0d 0h 22m 19s)

---------------  T H R E A D  ---------------

Current thread (0x000002e057e72c60):  JavaThread "C2 CompilerThread0" daemon [_thread_in_native, id=15936, stack(0x000000f835500000,0x000000f835600000) (1024K)]


Current CompileTask:
C2:1339332 9118   !   4       java.util.concurrent.locks.AbstractQueuedSynchronizer::acquire (424 bytes)

Stack: [0x000000f835500000,0x000000f835600000]
Native frames: (J=compiled Java code, j=interpreted, Vv=VM code, C=native code)
V  [jvm.dll+0x6ca289]
V  [jvm.dll+0x854a51]
V  [jvm.dll+0x856f7e]
V  [jvm.dll+0x857653]
V  [jvm.dll+0x27dd26]
V  [jvm.dll+0xc4c2d]
V  [jvm.dll+0xc5163]
V  [jvm.dll+0x3b4d3c]
V  [jvm.dll+0x3814b5]
V  [jvm.dll+0x38092a]
V  [jvm.dll+0x246910]
V  [jvm.dll+0x245eef]
V  [jvm.dll+0x1c6d0e]
V  [jvm.dll+0x2554d9]
V  [jvm.dll+0x253a6a]
V  [jvm.dll+0x3ee136]
V  [jvm.dll+0x7fee9b]
V  [jvm.dll+0x6c896d]
C  [ucrtbase.dll+0x2cd30]
C  [KERNEL32.DLL+0x2ccb7]
C  [ntdll.dll+0xaad6c]


---------------  P R O C E S S  ---------------

Threads class SMR info:
_java_thread_list=0x000002e0a1a6cd30, length=38, elements={
0x000002e057e651b0, 0x000002e057e68930, 0x000002e057e6b190, 0x000002e057e6bd10,
0x000002e057e6c760, 0x000002e057e6ded0, 0x000002e057e72c60, 0x000002e057e74410,
0x000002e09d1b8bb0, 0x000002e09d6c3090, 0x000002e09d7b40f0, 0x000002e09f0ea6f0,
0x000002e09f9944b0, 0x000002e0a08bb6e0, 0x000002e09f5fe7b0, 0x000002e09f5fd400,
0x000002e09f5fee40, 0x000002e0a16fb420, 0x000002e0a16f7fa0, 0x000002e0a16f9350,
0x000002e0a16f99e0, 0x000002e0a16f8630, 0x000002e0a16fad90, 0x000002e0a16fa070,
0x000002e0a16fa700, 0x000002e0a2f23130, 0x000002e0a2f237c0, 0x000002e0a2f22aa0,
0x000002e0a2f22410, 0x000002e0a2f216f0, 0x000002e0a2f23e50, 0x000002e0a2f244e0,
0x000002e0a2f21060, 0x000002e0a2f21d80, 0x000002e09f273130, 0x000002e09f2716f0,
0x000002e09f273e50, 0x000002e09f2744e0
}

Java Threads: ( => current thread )
  0x000002e057e651b0 JavaThread "Reference Handler"          daemon [_thread_blocked, id=8704, stack(0x000000f834f00000,0x000000f835000000) (1024K)]
  0x000002e057e68930 JavaThread "Finalizer"                  daemon [_thread_blocked, id=18928, stack(0x000000f835000000,0x000000f835100000) (1024K)]
  0x000002e057e6b190 JavaThread "Signal Dispatcher"          daemon [_thread_blocked, id=9464, stack(0x000000f835100000,0x000000f835200000) (1024K)]
  0x000002e057e6bd10 JavaThread "Attach Listener"            daemon [_thread_blocked, id=15676, stack(0x000000f835200000,0x000000f835300000) (1024K)]
  0x000002e057e6c760 JavaThread "Service Thread"             daemon [_thread_blocked, id=8592, stack(0x000000f835300000,0x000000f835400000) (1024K)]
  0x000002e057e6ded0 JavaThread "Monitor Deflation Thread"   daemon [_thread_blocked, id=25092, stack(0x000000f835400000,0x000000f835500000) (1024K)]
=>0x000002e057e72c60 JavaThread "C2 CompilerThread0"         daemon [_thread_in_native, id=15936, stack(0x000000f835500000,0x000000f835600000) (1024K)]
  0x000002e057e74410 JavaThread "C1 CompilerThread0"         daemon [_thread_blocked, id=12560, stack(0x000000f835600000,0x000000f835700000) (1024K)]
  0x000002e09d1b8bb0 JavaThread "Common-Cleaner"             daemon [_thread_blocked, id=11208, stack(0x000000f835700000,0x000000f835800000) (1024K)]
  0x000002e09d6c3090 JavaThread "Monitor Ctrl-Break"         daemon [_thread_in_native, id=26072, stack(0x000000f835a00000,0x000000f835b00000) (1024K)]
  0x000002e09d7b40f0 JavaThread "Notification Thread"        daemon [_thread_blocked, id=14372, stack(0x000000f835b00000,0x000000f835c00000) (1024K)]
  0x000002e09f0ea6f0 JavaThread "Catalina-utility-1"                [_thread_blocked, id=27936, stack(0x000000f836600000,0x000000f836700000) (1024K)]
  0x000002e09f9944b0 JavaThread "Catalina-utility-2"                [_thread_blocked, id=27060, stack(0x000000f836700000,0x000000f836800000) (1024K)]
  0x000002e0a08bb6e0 JavaThread "container-0"                       [_thread_blocked, id=10136, stack(0x000000f836c00000,0x000000f836d00000) (1024K)]
  0x000002e09f5fe7b0 JavaThread "mysql-cj-abandoned-connection-cleanup" daemon [_thread_blocked, id=15888, stack(0x000000f837000000,0x000000f837100000) (1024K)]
  0x000002e09f5fd400 JavaThread "HikariPool-1:housekeeper"   daemon [_thread_blocked, id=4792, stack(0x000000f837200000,0x000000f837300000) (1024K)]
  0x000002e09f5fee40 JavaThread "File Watcher"               daemon [_thread_blocked, id=17540, stack(0x000000f835900000,0x000000f835a00000) (1024K)]
  0x000002e0a16fb420 JavaThread "spectator-gauge-polling-0"  daemon [_thread_blocked, id=22484, stack(0x000000f837300000,0x000000f837400000) (1024K)]
  0x000002e0a16f7fa0 JavaThread "AsyncResolver-bootstrap-%d" daemon [_thread_blocked, id=15332, stack(0x000000f837400000,0x000000f837500000) (1024K)]
  0x000002e0a16f9350 JavaThread "DiscoveryClient-%d"         daemon [_thread_blocked, id=14468, stack(0x000000f837500000,0x000000f837600000) (1024K)]
  0x000002e0a16f99e0 JavaThread "DiscoveryClient-%d"         daemon [_thread_blocked, id=11956, stack(0x000000f837600000,0x000000f837700000) (1024K)]
  0x000002e0a16f8630 JavaThread "DiscoveryClient-InstanceInfoReplicator-%d" daemon [_thread_blocked, id=14016, stack(0x000000f837700000,0x000000f837800000) (1024K)]
  0x000002e0a16fad90 JavaThread "http-nio-5002-exec-1"       daemon [_thread_blocked, id=28280, stack(0x000000f837800000,0x000000f837900000) (1024K)]
  0x000002e0a16fa070 JavaThread "http-nio-5002-exec-2"       daemon [_thread_blocked, id=23660, stack(0x000000f837900000,0x000000f837a00000) (1024K)]
  0x000002e0a16fa700 JavaThread "http-nio-5002-exec-3"       daemon [_thread_blocked, id=6264, stack(0x000000f837a00000,0x000000f837b00000) (1024K)]
  0x000002e0a2f23130 JavaThread "http-nio-5002-exec-4"       daemon [_thread_blocked, id=18992, stack(0x000000f837b00000,0x000000f837c00000) (1024K)]
  0x000002e0a2f237c0 JavaThread "http-nio-5002-exec-5"       daemon [_thread_blocked, id=16096, stack(0x000000f837c00000,0x000000f837d00000) (1024K)]
  0x000002e0a2f22aa0 JavaThread "http-nio-5002-exec-6"       daemon [_thread_blocked, id=20220, stack(0x000000f837d00000,0x000000f837e00000) (1024K)]
  0x000002e0a2f22410 JavaThread "http-nio-5002-exec-7"       daemon [_thread_blocked, id=27256, stack(0x000000f837e00000,0x000000f837f00000) (1024K)]
  0x000002e0a2f216f0 JavaThread "http-nio-5002-exec-8"       daemon [_thread_blocked, id=3020, stack(0x000000f837f00000,0x000000f838000000) (1024K)]
  0x000002e0a2f23e50 JavaThread "http-nio-5002-exec-9"       daemon [_thread_blocked, id=3220, stack(0x000000f838000000,0x000000f838100000) (1024K)]
  0x000002e0a2f244e0 JavaThread "http-nio-5002-exec-10"      daemon [_thread_blocked, id=27656, stack(0x000000f838100000,0x000000f838200000) (1024K)]
  0x000002e0a2f21060 JavaThread "http-nio-5002-Poller"       daemon [_thread_in_native, id=12784, stack(0x000000f838200000,0x000000f838300000) (1024K)]
  0x000002e0a2f21d80 JavaThread "http-nio-5002-Acceptor"     daemon [_thread_in_native, id=920, stack(0x000000f838300000,0x000000f838400000) (1024K)]
  0x000002e09f273130 JavaThread "DestroyJavaVM"                     [_thread_blocked, id=7824, stack(0x000000f834700000,0x000000f834800000) (1024K)]
  0x000002e09f2716f0 JavaThread "DiscoveryClient-CacheRefreshExecutor-%d" daemon [_thread_blocked, id=9164, stack(0x000000f834400000,0x000000f834500000) (1024K)]
  0x000002e09f273e50 JavaThread "DiscoveryClient-HeartbeatExecutor-%d" daemon [_thread_blocked, id=26472, stack(0x000000f834500000,0x000000f834600000) (1024K)]
  0x000002e09f2744e0 JavaThread "AsyncResolver-bootstrap-executor-%d" daemon [_thread_blocked, id=12488, stack(0x000000f835d00000,0x000000f835e00000) (1024K)]
Total: 38

Other Threads:
  0x000002e057e4b3a0 VMThread "VM Thread"                           [id=18040, stack(0x000000f834e00000,0x000000f834f00000) (1024K)]
  0x000002e057e38c10 WatcherThread "VM Periodic Task Thread"        [id=26684, stack(0x000000f834d00000,0x000000f834e00000) (1024K)]
  0x000002e03ac3ece0 WorkerThread "GC Thread#0"                     [id=13576, stack(0x000000f834800000,0x000000f834900000) (1024K)]
  0x000002e09dec9cf0 WorkerThread "GC Thread#1"                     [id=26756, stack(0x000000f835e00000,0x000000f835f00000) (1024K)]
  0x000002e09e1ec8c0 WorkerThread "GC Thread#2"                     [id=20004, stack(0x000000f835f00000,0x000000f836000000) (1024K)]
  0x000002e09deed4d0 WorkerThread "GC Thread#3"                     [id=26232, stack(0x000000f836000000,0x000000f836100000) (1024K)]
  0x000002e09deed870 WorkerThread "GC Thread#4"                     [id=12736, stack(0x000000f836100000,0x000000f836200000) (1024K)]
  0x000002e09e01b4c0 WorkerThread "GC Thread#5"                     [id=10024, stack(0x000000f836200000,0x000000f836300000) (1024K)]
  0x000002e09e4219b0 WorkerThread "GC Thread#6"                     [id=25928, stack(0x000000f835c00000,0x000000f835d00000) (1024K)]
  0x000002e09e0a51d0 WorkerThread "GC Thread#7"                     [id=23288, stack(0x000000f836300000,0x000000f836400000) (1024K)]
  0x000002e09db60870 WorkerThread "GC Thread#8"                     [id=27508, stack(0x000000f836800000,0x000000f836900000) (1024K)]
  0x000002e09db60fb0 WorkerThread "GC Thread#9"                     [id=19064, stack(0x000000f836900000,0x000000f836a00000) (1024K)]
  0x000002e09db60130 WorkerThread "GC Thread#10"                    [id=12096, stack(0x000000f836a00000,0x000000f836b00000) (1024K)]
  0x000002e09db604d0 WorkerThread "GC Thread#11"                    [id=21204, stack(0x000000f836b00000,0x000000f836c00000) (1024K)]
  0x000002e09db616f0 WorkerThread "GC Thread#12"                    [id=14880, stack(0x000000f836d00000,0x000000f836e00000) (1024K)]
  0x000002e03ac50260 ConcurrentGCThread "G1 Main Marker"            [id=25408, stack(0x000000f834900000,0x000000f834a00000) (1024K)]
  0x000002e03ac50d60 WorkerThread "G1 Conc#0"                       [id=21756, stack(0x000000f834a00000,0x000000f834b00000) (1024K)]
  0x000002e09db5fd90 WorkerThread "G1 Conc#1"                       [id=2184, stack(0x000000f836e00000,0x000000f836f00000) (1024K)]
  0x000002e09db61350 WorkerThread "G1 Conc#2"                       [id=12472, stack(0x000000f836f00000,0x000000f837000000) (1024K)]
  0x000002e03ac9e6b0 ConcurrentGCThread "G1 Refine#0"               [id=7452, stack(0x000000f834b00000,0x000000f834c00000) (1024K)]
  0x000002e057d022f0 ConcurrentGCThread "G1 Service"                [id=27532, stack(0x000000f834c00000,0x000000f834d00000) (1024K)]
Total: 21

Threads with active compile tasks:
C2 CompilerThread0  1340390 9118   !   4       java.util.concurrent.locks.AbstractQueuedSynchronizer::acquire (424 bytes)
Total: 1

VM state: not at safepoint (normal execution)

VM Mutex/Monitor currently owned by a thread: None

Heap address: 0x0000000089400000, size: 1900 MB, Compressed Oops mode: 32-bit

CDS archive(s) mapped at: [0x000002e058000000-0x000002e058c90000-0x000002e058c90000), size 13172736, SharedBaseAddress: 0x000002e058000000, ArchiveRelocationMode: 1.
Compressed class space mapped at: 0x000002e059000000-0x000002e099000000, reserved size: 1073741824
Narrow klass base: 0x000002e058000000, Narrow klass shift: 0, Narrow klass range: 0x100000000

GC Precious Log:
 CardTable entry size: 512
 Card Set container configuration: InlinePtr #cards 5 size 8 Array Of Cards #cards 12 size 40 Howl #buckets 4 coarsen threshold 1843 Howl Bitmap #cards 512 size 80 coarsen threshold 460 Card regions per heap region 1 cards per card region 2048
 CPUs: 16 total, 16 available
 Memory: 7597M
 Large Page Support: Disabled
 NUMA Support: Disabled
 Compressed Oops: Enabled (32-bit)
 Heap Region Size: 1M
 Heap Min Capacity: 8M
 Heap Initial Capacity: 120M
 Heap Max Capacity: 1900M
 Pre-touch: Disabled
 Parallel Workers: 13
 Concurrent Workers: 3
 Concurrent Refinement Workers: 13
 Periodic GC: Disabled

Heap:
 garbage-first heap   total 351232K, used 201449K [0x0000000089400000, 0x0000000100000000)
  region size 1024K, 102 young (104448K), 4 survivors (4096K)
 Metaspace       used 101135K, committed 102016K, reserved 1179648K
  class space    used 13903K, committed 14336K, reserved 1048576K

Heap Regions: E=young(eden), S=young(survivor), O=old, HS=humongous(starts), HC=humongous(continues), CS=collection set, F=free, TAMS=top-at-mark-start, PB=parsable bottom
|   0|0x0000000089400000, 0x0000000089500000, 0x0000000089500000|100%|HS|  |TAMS 0x0000000089400000| PB 0x0000000089400000| Complete 
|   1|0x0000000089500000, 0x0000000089600000, 0x0000000089600000|100%|HS|  |TAMS 0x0000000089500000| PB 0x0000000089500000| Complete 
|   2|0x0000000089600000, 0x0000000089700000, 0x0000000089700000|100%| O|  |TAMS 0x0000000089600000| PB 0x0000000089600000| Untracked 
|   3|0x0000000089700000, 0x0000000089800000, 0x0000000089800000|100%|HS|  |TAMS 0x0000000089700000| PB 0x0000000089700000| Complete 
|   4|0x0000000089800000, 0x0000000089900000, 0x0000000089900000|100%| O|  |TAMS 0x0000000089800000| PB 0x0000000089800000| Untracked 
|   5|0x0000000089900000, 0x0000000089a00000, 0x0000000089a00000|100%| O|  |TAMS 0x0000000089900000| PB 0x0000000089900000| Untracked 
|   6|0x0000000089a00000, 0x0000000089b00000, 0x0000000089b00000|100%| O|  |TAMS 0x0000000089a00000| PB 0x0000000089a00000| Untracked 
|   7|0x0000000089b00000, 0x0000000089c00000, 0x0000000089c00000|100%| O|  |TAMS 0x0000000089b00000| PB 0x0000000089b00000| Untracked 
|   8|0x0000000089c00000, 0x0000000089d00000, 0x0000000089d00000|100%| O|  |TAMS 0x0000000089c00000| PB 0x0000000089c00000| Untracked 
|   9|0x0000000089d00000, 0x0000000089e00000, 0x0000000089e00000|100%| O|  |TAMS 0x0000000089d00000| PB 0x0000000089d00000| Untracked 
|  10|0x0000000089e00000, 0x0000000089f00000, 0x0000000089f00000|100%| O|  |TAMS 0x0000000089e00000| PB 0x0000000089e00000| Untracked 
|  11|0x0000000089f00000, 0x000000008a000000, 0x000000008a000000|100%| O|  |TAMS 0x0000000089f00000| PB 0x0000000089f00000| Untracked 
|  12|0x000000008a000000, 0x000000008a100000, 0x000000008a100000|100%| O|  |TAMS 0x000000008a000000| PB 0x000000008a000000| Untracked 
|  13|0x000000008a100000, 0x000000008a200000, 0x000000008a200000|100%| O|  |TAMS 0x000000008a100000| PB 0x000000008a100000| Untracked 
|  14|0x000000008a200000, 0x000000008a300000, 0x000000008a300000|100%| O|  |TAMS 0x000000008a200000| PB 0x000000008a200000| Untracked 
|  15|0x000000008a300000, 0x000000008a400000, 0x000000008a400000|100%| O|  |TAMS 0x000000008a300000| PB 0x000000008a300000| Untracked 
|  16|0x000000008a400000, 0x000000008a500000, 0x000000008a500000|100%| O|  |TAMS 0x000000008a400000| PB 0x000000008a400000| Untracked 
|  17|0x000000008a500000, 0x000000008a600000, 0x000000008a600000|100%| O|  |TAMS 0x000000008a500000| PB 0x000000008a500000| Untracked 
|  18|0x000000008a600000, 0x000000008a700000, 0x000000008a700000|100%| O|  |TAMS 0x000000008a600000| PB 0x000000008a600000| Untracked 
|  19|0x000000008a700000, 0x000000008a800000, 0x000000008a800000|100%| O|  |TAMS 0x000000008a700000| PB 0x000000008a700000| Untracked 
|  20|0x000000008a800000, 0x000000008a900000, 0x000000008a900000|100%| O|  |TAMS 0x000000008a800000| PB 0x000000008a800000| Untracked 
|  21|0x000000008a900000, 0x000000008aa00000, 0x000000008aa00000|100%| O|  |TAMS 0x000000008a900000| PB 0x000000008a900000| Untracked 
|  22|0x000000008aa00000, 0x000000008ab00000, 0x000000008ab00000|100%| O|  |TAMS 0x000000008aa00000| PB 0x000000008aa00000| Untracked 
|  23|0x000000008ab00000, 0x000000008ac00000, 0x000000008ac00000|100%| O|  |TAMS 0x000000008ab00000| PB 0x000000008ab00000| Untracked 
|  24|0x000000008ac00000, 0x000000008ad00000, 0x000000008ad00000|100%| O|  |TAMS 0x000000008ac00000| PB 0x000000008ac00000| Untracked 
|  25|0x000000008ad00000, 0x000000008ae00000, 0x000000008ae00000|100%| O|  |TAMS 0x000000008ad00000| PB 0x000000008ad00000| Untracked 
|  26|0x000000008ae00000, 0x000000008af00000, 0x000000008af00000|100%| O|  |TAMS 0x000000008ae00000| PB 0x000000008ae00000| Untracked 
|  27|0x000000008af00000, 0x000000008b000000, 0x000000008b000000|100%| O|  |TAMS 0x000000008af00000| PB 0x000000008af00000| Untracked 
|  28|0x000000008b000000, 0x000000008b100000, 0x000000008b100000|100%| O|  |TAMS 0x000000008b000000| PB 0x000000008b000000| Untracked 
|  29|0x000000008b100000, 0x000000008b200000, 0x000000008b200000|100%| O|  |TAMS 0x000000008b100000| PB 0x000000008b100000| Untracked 
|  30|0x000000008b200000, 0x000000008b300000, 0x000000008b300000|100%| O|  |TAMS 0x000000008b200000| PB 0x000000008b200000| Untracked 
|  31|0x000000008b300000, 0x000000008b400000, 0x000000008b400000|100%| O|  |TAMS 0x000000008b300000| PB 0x000000008b300000| Untracked 
|  32|0x000000008b400000, 0x000000008b500000, 0x000000008b500000|100%| O|  |TAMS 0x000000008b400000| PB 0x000000008b400000| Untracked 
|  33|0x000000008b500000, 0x000000008b600000, 0x000000008b600000|100%| O|  |TAMS 0x000000008b500000| PB 0x000000008b500000| Untracked 
|  34|0x000000008b600000, 0x000000008b700000, 0x000000008b700000|100%| O|  |TAMS 0x000000008b600000| PB 0x000000008b600000| Untracked 
|  35|0x000000008b700000, 0x000000008b800000, 0x000000008b800000|100%| O|  |TAMS 0x000000008b700000| PB 0x000000008b700000| Untracked 
|  36|0x000000008b800000, 0x000000008b900000, 0x000000008b900000|100%| O|  |TAMS 0x000000008b800000| PB 0x000000008b800000| Untracked 
|  37|0x000000008b900000, 0x000000008ba00000, 0x000000008ba00000|100%| O|  |TAMS 0x000000008b900000| PB 0x000000008b900000| Untracked 
|  38|0x000000008ba00000, 0x000000008bb00000, 0x000000008bb00000|100%| O|  |TAMS 0x000000008ba00000| PB 0x000000008ba00000| Untracked 
|  39|0x000000008bb00000, 0x000000008bc00000, 0x000000008bc00000|100%| O|  |TAMS 0x000000008bb00000| PB 0x000000008bb00000| Untracked 
|  40|0x000000008bc00000, 0x000000008bd00000, 0x000000008bd00000|100%| O|  |TAMS 0x000000008bc00000| PB 0x000000008bc00000| Untracked 
|  41|0x000000008bd00000, 0x000000008be00000, 0x000000008be00000|100%| O|  |TAMS 0x000000008bd00000| PB 0x000000008bd00000| Untracked 
|  42|0x000000008be00000, 0x000000008bf00000, 0x000000008bf00000|100%| O|  |TAMS 0x000000008be00000| PB 0x000000008be00000| Untracked 
|  43|0x000000008bf00000, 0x000000008c000000, 0x000000008c000000|100%| O|  |TAMS 0x000000008bf00000| PB 0x000000008bf00000| Untracked 
|  44|0x000000008c000000, 0x000000008c100000, 0x000000008c100000|100%| O|  |TAMS 0x000000008c000000| PB 0x000000008c000000| Untracked 
|  45|0x000000008c100000, 0x000000008c200000, 0x000000008c200000|100%| O|  |TAMS 0x000000008c100000| PB 0x000000008c100000| Untracked 
|  46|0x000000008c200000, 0x000000008c300000, 0x000000008c300000|100%| O|  |TAMS 0x000000008c200000| PB 0x000000008c200000| Untracked 
|  47|0x000000008c300000, 0x000000008c400000, 0x000000008c400000|100%| O|  |TAMS 0x000000008c300000| PB 0x000000008c300000| Untracked 
|  48|0x000000008c400000, 0x000000008c500000, 0x000000008c500000|100%| O|  |TAMS 0x000000008c400000| PB 0x000000008c400000| Untracked 
|  49|0x000000008c500000, 0x000000008c600000, 0x000000008c600000|100%| O|  |TAMS 0x000000008c500000| PB 0x000000008c500000| Untracked 
|  50|0x000000008c600000, 0x000000008c700000, 0x000000008c700000|100%| O|  |TAMS 0x000000008c600000| PB 0x000000008c600000| Untracked 
|  51|0x000000008c700000, 0x000000008c800000, 0x000000008c800000|100%| O|  |TAMS 0x000000008c700000| PB 0x000000008c700000| Untracked 
|  52|0x000000008c800000, 0x000000008c900000, 0x000000008c900000|100%| O|  |TAMS 0x000000008c800000| PB 0x000000008c800000| Untracked 
|  53|0x000000008c900000, 0x000000008ca00000, 0x000000008ca00000|100%| O|  |TAMS 0x000000008c900000| PB 0x000000008c900000| Untracked 
|  54|0x000000008ca00000, 0x000000008cb00000, 0x000000008cb00000|100%| O|  |TAMS 0x000000008ca00000| PB 0x000000008ca00000| Untracked 
|  55|0x000000008cb00000, 0x000000008cc00000, 0x000000008cc00000|100%| O|  |TAMS 0x000000008cb00000| PB 0x000000008cb00000| Untracked 
|  56|0x000000008cc00000, 0x000000008cd00000, 0x000000008cd00000|100%| O|  |TAMS 0x000000008cc00000| PB 0x000000008cc00000| Untracked 
|  57|0x000000008cd00000, 0x000000008ce00000, 0x000000008ce00000|100%| O|  |TAMS 0x000000008cd00000| PB 0x000000008cd00000| Untracked 
|  58|0x000000008ce00000, 0x000000008cf00000, 0x000000008cf00000|100%| O|  |TAMS 0x000000008ce00000| PB 0x000000008ce00000| Untracked 
|  59|0x000000008cf00000, 0x000000008d000000, 0x000000008d000000|100%| O|Cm|TAMS 0x000000008cf00000| PB 0x000000008cf00000| Complete 
|  60|0x000000008d000000, 0x000000008d100000, 0x000000008d100000|100%| O|  |TAMS 0x000000008d000000| PB 0x000000008d000000| Untracked 
|  61|0x000000008d100000, 0x000000008d200000, 0x000000008d200000|100%| O|  |TAMS 0x000000008d100000| PB 0x000000008d100000| Untracked 
|  62|0x000000008d200000, 0x000000008d300000, 0x000000008d300000|100%| O|  |TAMS 0x000000008d200000| PB 0x000000008d200000| Untracked 
|  63|0x000000008d300000, 0x000000008d400000, 0x000000008d400000|100%| O|  |TAMS 0x000000008d300000| PB 0x000000008d300000| Untracked 
|  64|0x000000008d400000, 0x000000008d500000, 0x000000008d500000|100%| O|  |TAMS 0x000000008d400000| PB 0x000000008d400000| Untracked 
|  65|0x000000008d500000, 0x000000008d600000, 0x000000008d600000|100%| O|  |TAMS 0x000000008d500000| PB 0x000000008d500000| Untracked 
|  66|0x000000008d600000, 0x000000008d700000, 0x000000008d700000|100%| O|  |TAMS 0x000000008d600000| PB 0x000000008d600000| Untracked 
|  67|0x000000008d700000, 0x000000008d800000, 0x000000008d800000|100%| O|  |TAMS 0x000000008d700000| PB 0x000000008d700000| Untracked 
|  68|0x000000008d800000, 0x000000008d900000, 0x000000008d900000|100%| O|  |TAMS 0x000000008d800000| PB 0x000000008d800000| Untracked 
|  69|0x000000008d900000, 0x000000008da00000, 0x000000008da00000|100%| O|  |TAMS 0x000000008d900000| PB 0x000000008d900000| Untracked 
|  70|0x000000008da00000, 0x000000008db00000, 0x000000008db00000|100%| O|  |TAMS 0x000000008da00000| PB 0x000000008da00000| Untracked 
|  71|0x000000008db00000, 0x000000008dc00000, 0x000000008dc00000|100%| O|  |TAMS 0x000000008db00000| PB 0x000000008db00000| Untracked 
|  72|0x000000008dc00000, 0x000000008dd00000, 0x000000008dd00000|100%| O|  |TAMS 0x000000008dc00000| PB 0x000000008dc00000| Untracked 
|  73|0x000000008dd00000, 0x000000008de00000, 0x000000008de00000|100%| O|  |TAMS 0x000000008dd00000| PB 0x000000008dd00000| Untracked 
|  74|0x000000008de00000, 0x000000008df00000, 0x000000008df00000|100%| O|  |TAMS 0x000000008de00000| PB 0x000000008de00000| Untracked 
|  75|0x000000008df00000, 0x000000008e000000, 0x000000008e000000|100%| O|  |TAMS 0x000000008df00000| PB 0x000000008df00000| Untracked 
|  76|0x000000008e000000, 0x000000008e100000, 0x000000008e100000|100%| O|  |TAMS 0x000000008e000000| PB 0x000000008e000000| Untracked 
|  77|0x000000008e100000, 0x000000008e200000, 0x000000008e200000|100%| O|  |TAMS 0x000000008e100000| PB 0x000000008e100000| Untracked 
|  78|0x000000008e200000, 0x000000008e300000, 0x000000008e300000|100%| O|  |TAMS 0x000000008e200000| PB 0x000000008e200000| Untracked 
|  79|0x000000008e300000, 0x000000008e400000, 0x000000008e400000|100%| O|Cm|TAMS 0x000000008e300000| PB 0x000000008e300000| Complete 
|  80|0x000000008e400000, 0x000000008e500000, 0x000000008e500000|100%| O|Cm|TAMS 0x000000008e400000| PB 0x000000008e400000| Complete 
|  81|0x000000008e500000, 0x000000008e600000, 0x000000008e600000|100%| O|  |TAMS 0x000000008e500000| PB 0x000000008e500000| Untracked 
|  82|0x000000008e600000, 0x000000008e700000, 0x000000008e700000|100%| O|  |TAMS 0x000000008e600000| PB 0x000000008e600000| Untracked 
|  83|0x000000008e700000, 0x000000008e800000, 0x000000008e800000|100%| O|  |TAMS 0x000000008e700000| PB 0x000000008e700000| Untracked 
|  84|0x000000008e800000, 0x000000008e900000, 0x000000008e900000|100%| O|  |TAMS 0x000000008e800000| PB 0x000000008e800000| Untracked 
|  85|0x000000008e900000, 0x000000008ea00000, 0x000000008ea00000|100%| O|  |TAMS 0x000000008e900000| PB 0x000000008e900000| Untracked 
|  86|0x000000008ea00000, 0x000000008eb00000, 0x000000008eb00000|100%| O|  |TAMS 0x000000008ea00000| PB 0x000000008ea00000| Untracked 
|  87|0x000000008eb00000, 0x000000008ec00000, 0x000000008ec00000|100%| O|  |TAMS 0x000000008eb00000| PB 0x000000008eb00000| Untracked 
|  88|0x000000008ec00000, 0x000000008ed00000, 0x000000008ed00000|100%| O|  |TAMS 0x000000008ec00000| PB 0x000000008ec00000| Untracked 
|  89|0x000000008ed00000, 0x000000008ee00000, 0x000000008ee00000|100%| O|  |TAMS 0x000000008ed00000| PB 0x000000008ed00000| Untracked 
|  90|0x000000008ee00000, 0x000000008ef00000, 0x000000008ef00000|100%| O|  |TAMS 0x000000008ee00000| PB 0x000000008ee00000| Untracked 
|  91|0x000000008ef00000, 0x000000008f000000, 0x000000008f000000|100%| O|  |TAMS 0x000000008ef00000| PB 0x000000008ef00000| Untracked 
|  92|0x000000008f000000, 0x000000008f100000, 0x000000008f100000|100%| O|  |TAMS 0x000000008f000000| PB 0x000000008f000000| Untracked 
|  93|0x000000008f100000, 0x000000008f166340, 0x000000008f200000| 39%| O|  |TAMS 0x000000008f100000| PB 0x000000008f100000| Untracked 
|  94|0x000000008f200000, 0x000000008f200000, 0x000000008f300000|  0%| F|  |TAMS 0x000000008f200000| PB 0x000000008f200000| Untracked 
|  95|0x000000008f300000, 0x000000008f300000, 0x000000008f400000|  0%| F|  |TAMS 0x000000008f300000| PB 0x000000008f300000| Untracked 
|  96|0x000000008f400000, 0x000000008f400000, 0x000000008f500000|  0%| F|  |TAMS 0x000000008f400000| PB 0x000000008f400000| Untracked 
|  97|0x000000008f500000, 0x000000008f500000, 0x000000008f600000|  0%| F|  |TAMS 0x000000008f500000| PB 0x000000008f500000| Untracked 
|  98|0x000000008f600000, 0x000000008f600000, 0x000000008f700000|  0%| F|  |TAMS 0x000000008f600000| PB 0x000000008f600000| Untracked 
|  99|0x000000008f700000, 0x000000008f700000, 0x000000008f800000|  0%| F|  |TAMS 0x000000008f700000| PB 0x000000008f700000| Untracked 
| 100|0x000000008f800000, 0x000000008f800000, 0x000000008f900000|  0%| F|  |TAMS 0x000000008f800000| PB 0x000000008f800000| Untracked 
| 101|0x000000008f900000, 0x000000008f900000, 0x000000008fa00000|  0%| F|  |TAMS 0x000000008f900000| PB 0x000000008f900000| Untracked 
| 102|0x000000008fa00000, 0x000000008fa00000, 0x000000008fb00000|  0%| F|  |TAMS 0x000000008fa00000| PB 0x000000008fa00000| Untracked 
| 103|0x000000008fb00000, 0x000000008fb00000, 0x000000008fc00000|  0%| F|  |TAMS 0x000000008fb00000| PB 0x000000008fb00000| Untracked 
| 104|0x000000008fc00000, 0x000000008fc00000, 0x000000008fd00000|  0%| F|  |TAMS 0x000000008fc00000| PB 0x000000008fc00000| Untracked 
| 105|0x000000008fd00000, 0x000000008fd00000, 0x000000008fe00000|  0%| F|  |TAMS 0x000000008fd00000| PB 0x000000008fd00000| Untracked 
| 106|0x000000008fe00000, 0x000000008fe00000, 0x000000008ff00000|  0%| F|  |TAMS 0x000000008fe00000| PB 0x000000008fe00000| Untracked 
| 107|0x000000008ff00000, 0x000000008ff00000, 0x0000000090000000|  0%| F|  |TAMS 0x000000008ff00000| PB 0x000000008ff00000| Untracked 
| 108|0x0000000090000000, 0x0000000090000000, 0x0000000090100000|  0%| F|  |TAMS 0x0000000090000000| PB 0x0000000090000000| Untracked 
| 109|0x0000000090100000, 0x0000000090100000, 0x0000000090200000|  0%| F|  |TAMS 0x0000000090100000| PB 0x0000000090100000| Untracked 
| 110|0x0000000090200000, 0x0000000090200000, 0x0000000090300000|  0%| F|  |TAMS 0x0000000090200000| PB 0x0000000090200000| Untracked 
| 111|0x0000000090300000, 0x0000000090300000, 0x0000000090400000|  0%| F|  |TAMS 0x0000000090300000| PB 0x0000000090300000| Untracked 
| 112|0x0000000090400000, 0x0000000090400000, 0x0000000090500000|  0%| F|  |TAMS 0x0000000090400000| PB 0x0000000090400000| Untracked 
| 113|0x0000000090500000, 0x0000000090500000, 0x0000000090600000|  0%| F|  |TAMS 0x0000000090500000| PB 0x0000000090500000| Untracked 
| 114|0x0000000090600000, 0x0000000090600000, 0x0000000090700000|  0%| F|  |TAMS 0x0000000090600000| PB 0x0000000090600000| Untracked 
| 115|0x0000000090700000, 0x0000000090700000, 0x0000000090800000|  0%| F|  |TAMS 0x0000000090700000| PB 0x0000000090700000| Untracked 
| 116|0x0000000090800000, 0x0000000090854318, 0x0000000090900000| 32%| S|CS|TAMS 0x0000000090800000| PB 0x0000000090800000| Complete 
| 117|0x0000000090900000, 0x0000000090a00000, 0x0000000090a00000|100%| S|CS|TAMS 0x0000000090900000| PB 0x0000000090900000| Complete 
| 118|0x0000000090a00000, 0x0000000090b00000, 0x0000000090b00000|100%| S|CS|TAMS 0x0000000090a00000| PB 0x0000000090a00000| Complete 
| 119|0x0000000090b00000, 0x0000000090c00000, 0x0000000090c00000|100%| S|CS|TAMS 0x0000000090b00000| PB 0x0000000090b00000| Complete 
| 120|0x0000000090c00000, 0x0000000090c00000, 0x0000000090d00000|  0%| F|  |TAMS 0x0000000090c00000| PB 0x0000000090c00000| Untracked 
| 121|0x0000000090d00000, 0x0000000090d00000, 0x0000000090e00000|  0%| F|  |TAMS 0x0000000090d00000| PB 0x0000000090d00000| Untracked 
| 122|0x0000000090e00000, 0x0000000090e00000, 0x0000000090f00000|  0%| F|  |TAMS 0x0000000090e00000| PB 0x0000000090e00000| Untracked 
| 123|0x0000000090f00000, 0x0000000090f00000, 0x0000000091000000|  0%| F|  |TAMS 0x0000000090f00000| PB 0x0000000090f00000| Untracked 
| 124|0x0000000091000000, 0x0000000091000000, 0x0000000091100000|  0%| F|  |TAMS 0x0000000091000000| PB 0x0000000091000000| Untracked 
| 125|0x0000000091100000, 0x0000000091100000, 0x0000000091200000|  0%| F|  |TAMS 0x0000000091100000| PB 0x0000000091100000| Untracked 
| 126|0x0000000091200000, 0x0000000091200000, 0x0000000091300000|  0%| F|  |TAMS 0x0000000091200000| PB 0x0000000091200000| Untracked 
| 127|0x0000000091300000, 0x0000000091300000, 0x0000000091400000|  0%| F|  |TAMS 0x0000000091300000| PB 0x0000000091300000| Untracked 
| 128|0x0000000091400000, 0x0000000091400000, 0x0000000091500000|  0%| F|  |TAMS 0x0000000091400000| PB 0x0000000091400000| Untracked 
| 129|0x0000000091500000, 0x0000000091500000, 0x0000000091600000|  0%| F|  |TAMS 0x0000000091500000| PB 0x0000000091500000| Untracked 
| 130|0x0000000091600000, 0x0000000091600000, 0x0000000091700000|  0%| F|  |TAMS 0x0000000091600000| PB 0x0000000091600000| Untracked 
| 131|0x0000000091700000, 0x0000000091700000, 0x0000000091800000|  0%| F|  |TAMS 0x0000000091700000| PB 0x0000000091700000| Untracked 
| 132|0x0000000091800000, 0x0000000091800000, 0x0000000091900000|  0%| F|  |TAMS 0x0000000091800000| PB 0x0000000091800000| Untracked 
| 133|0x0000000091900000, 0x0000000091900000, 0x0000000091a00000|  0%| F|  |TAMS 0x0000000091900000| PB 0x0000000091900000| Untracked 
| 134|0x0000000091a00000, 0x0000000091a00000, 0x0000000091b00000|  0%| F|  |TAMS 0x0000000091a00000| PB 0x0000000091a00000| Untracked 
| 135|0x0000000091b00000, 0x0000000091b00000, 0x0000000091c00000|  0%| F|  |TAMS 0x0000000091b00000| PB 0x0000000091b00000| Untracked 
| 136|0x0000000091c00000, 0x0000000091c00000, 0x0000000091d00000|  0%| F|  |TAMS 0x0000000091c00000| PB 0x0000000091c00000| Untracked 
| 137|0x0000000091d00000, 0x0000000091d00000, 0x0000000091e00000|  0%| F|  |TAMS 0x0000000091d00000| PB 0x0000000091d00000| Untracked 
| 138|0x0000000091e00000, 0x0000000091e00000, 0x0000000091f00000|  0%| F|  |TAMS 0x0000000091e00000| PB 0x0000000091e00000| Untracked 
| 139|0x0000000091f00000, 0x0000000091f00000, 0x0000000092000000|  0%| F|  |TAMS 0x0000000091f00000| PB 0x0000000091f00000| Untracked 
| 140|0x0000000092000000, 0x0000000092000000, 0x0000000092100000|  0%| F|  |TAMS 0x0000000092000000| PB 0x0000000092000000| Untracked 
| 141|0x0000000092100000, 0x0000000092100000, 0x0000000092200000|  0%| F|  |TAMS 0x0000000092100000| PB 0x0000000092100000| Untracked 
| 142|0x0000000092200000, 0x0000000092200000, 0x0000000092300000|  0%| F|  |TAMS 0x0000000092200000| PB 0x0000000092200000| Untracked 
| 143|0x0000000092300000, 0x0000000092300000, 0x0000000092400000|  0%| F|  |TAMS 0x0000000092300000| PB 0x0000000092300000| Untracked 
| 144|0x0000000092400000, 0x0000000092400000, 0x0000000092500000|  0%| F|  |TAMS 0x0000000092400000| PB 0x0000000092400000| Untracked 
| 145|0x0000000092500000, 0x0000000092500000, 0x0000000092600000|  0%| F|  |TAMS 0x0000000092500000| PB 0x0000000092500000| Untracked 
| 146|0x0000000092600000, 0x0000000092600000, 0x0000000092700000|  0%| F|  |TAMS 0x0000000092600000| PB 0x0000000092600000| Untracked 
| 147|0x0000000092700000, 0x0000000092700000, 0x0000000092800000|  0%| F|  |TAMS 0x0000000092700000| PB 0x0000000092700000| Untracked 
| 148|0x0000000092800000, 0x0000000092800000, 0x0000000092900000|  0%| F|  |TAMS 0x0000000092800000| PB 0x0000000092800000| Untracked 
| 149|0x0000000092900000, 0x0000000092900000, 0x0000000092a00000|  0%| F|  |TAMS 0x0000000092900000| PB 0x0000000092900000| Untracked 
| 150|0x0000000092a00000, 0x0000000092a00000, 0x0000000092b00000|  0%| F|  |TAMS 0x0000000092a00000| PB 0x0000000092a00000| Untracked 
| 151|0x0000000092b00000, 0x0000000092b00000, 0x0000000092c00000|  0%| F|  |TAMS 0x0000000092b00000| PB 0x0000000092b00000| Untracked 
| 152|0x0000000092c00000, 0x0000000092c00000, 0x0000000092d00000|  0%| F|  |TAMS 0x0000000092c00000| PB 0x0000000092c00000| Untracked 
| 153|0x0000000092d00000, 0x0000000092d00000, 0x0000000092e00000|  0%| F|  |TAMS 0x0000000092d00000| PB 0x0000000092d00000| Untracked 
| 154|0x0000000092e00000, 0x0000000092e00000, 0x0000000092f00000|  0%| F|  |TAMS 0x0000000092e00000| PB 0x0000000092e00000| Untracked 
| 155|0x0000000092f00000, 0x0000000092f00000, 0x0000000093000000|  0%| F|  |TAMS 0x0000000092f00000| PB 0x0000000092f00000| Untracked 
| 156|0x0000000093000000, 0x0000000093000000, 0x0000000093100000|  0%| F|  |TAMS 0x0000000093000000| PB 0x0000000093000000| Untracked 
| 157|0x0000000093100000, 0x0000000093100000, 0x0000000093200000|  0%| F|  |TAMS 0x0000000093100000| PB 0x0000000093100000| Untracked 
| 158|0x0000000093200000, 0x0000000093200000, 0x0000000093300000|  0%| F|  |TAMS 0x0000000093200000| PB 0x0000000093200000| Untracked 
| 159|0x0000000093300000, 0x0000000093300000, 0x0000000093400000|  0%| F|  |TAMS 0x0000000093300000| PB 0x0000000093300000| Untracked 
| 160|0x0000000093400000, 0x0000000093400000, 0x0000000093500000|  0%| F|  |TAMS 0x0000000093400000| PB 0x0000000093400000| Untracked 
| 161|0x0000000093500000, 0x0000000093500000, 0x0000000093600000|  0%| F|  |TAMS 0x0000000093500000| PB 0x0000000093500000| Untracked 
| 162|0x0000000093600000, 0x0000000093600000, 0x0000000093700000|  0%| F|  |TAMS 0x0000000093600000| PB 0x0000000093600000| Untracked 
| 163|0x0000000093700000, 0x0000000093700000, 0x0000000093800000|  0%| F|  |TAMS 0x0000000093700000| PB 0x0000000093700000| Untracked 
| 164|0x0000000093800000, 0x0000000093800000, 0x0000000093900000|  0%| F|  |TAMS 0x0000000093800000| PB 0x0000000093800000| Untracked 
| 165|0x0000000093900000, 0x0000000093900000, 0x0000000093a00000|  0%| F|  |TAMS 0x0000000093900000| PB 0x0000000093900000| Untracked 
| 166|0x0000000093a00000, 0x0000000093a00000, 0x0000000093b00000|  0%| F|  |TAMS 0x0000000093a00000| PB 0x0000000093a00000| Untracked 
| 167|0x0000000093b00000, 0x0000000093b00000, 0x0000000093c00000|  0%| F|  |TAMS 0x0000000093b00000| PB 0x0000000093b00000| Untracked 
| 168|0x0000000093c00000, 0x0000000093c00000, 0x0000000093d00000|  0%| F|  |TAMS 0x0000000093c00000| PB 0x0000000093c00000| Untracked 
| 169|0x0000000093d00000, 0x0000000093d00000, 0x0000000093e00000|  0%| F|  |TAMS 0x0000000093d00000| PB 0x0000000093d00000| Untracked 
| 170|0x0000000093e00000, 0x0000000093e00000, 0x0000000093f00000|  0%| F|  |TAMS 0x0000000093e00000| PB 0x0000000093e00000| Untracked 
| 171|0x0000000093f00000, 0x0000000093f00000, 0x0000000094000000|  0%| F|  |TAMS 0x0000000093f00000| PB 0x0000000093f00000| Untracked 
| 172|0x0000000094000000, 0x0000000094000000, 0x0000000094100000|  0%| F|  |TAMS 0x0000000094000000| PB 0x0000000094000000| Untracked 
| 173|0x0000000094100000, 0x0000000094100000, 0x0000000094200000|  0%| F|  |TAMS 0x0000000094100000| PB 0x0000000094100000| Untracked 
| 174|0x0000000094200000, 0x0000000094200000, 0x0000000094300000|  0%| F|  |TAMS 0x0000000094200000| PB 0x0000000094200000| Untracked 
| 175|0x0000000094300000, 0x0000000094300000, 0x0000000094400000|  0%| F|  |TAMS 0x0000000094300000| PB 0x0000000094300000| Untracked 
| 176|0x0000000094400000, 0x0000000094400000, 0x0000000094500000|  0%| F|  |TAMS 0x0000000094400000| PB 0x0000000094400000| Untracked 
| 177|0x0000000094500000, 0x0000000094500000, 0x0000000094600000|  0%| F|  |TAMS 0x0000000094500000| PB 0x0000000094500000| Untracked 
| 178|0x0000000094600000, 0x0000000094600000, 0x0000000094700000|  0%| F|  |TAMS 0x0000000094600000| PB 0x0000000094600000| Untracked 
| 179|0x0000000094700000, 0x0000000094700000, 0x0000000094800000|  0%| F|  |TAMS 0x0000000094700000| PB 0x0000000094700000| Untracked 
| 180|0x0000000094800000, 0x0000000094800000, 0x0000000094900000|  0%| F|  |TAMS 0x0000000094800000| PB 0x0000000094800000| Untracked 
| 181|0x0000000094900000, 0x0000000094900000, 0x0000000094a00000|  0%| F|  |TAMS 0x0000000094900000| PB 0x0000000094900000| Untracked 
| 182|0x0000000094a00000, 0x0000000094a00000, 0x0000000094b00000|  0%| F|  |TAMS 0x0000000094a00000| PB 0x0000000094a00000| Untracked 
| 183|0x0000000094b00000, 0x0000000094b00000, 0x0000000094c00000|  0%| F|  |TAMS 0x0000000094b00000| PB 0x0000000094b00000| Untracked 
| 184|0x0000000094c00000, 0x0000000094c00000, 0x0000000094d00000|  0%| F|  |TAMS 0x0000000094c00000| PB 0x0000000094c00000| Untracked 
| 185|0x0000000094d00000, 0x0000000094d00000, 0x0000000094e00000|  0%| F|  |TAMS 0x0000000094d00000| PB 0x0000000094d00000| Untracked 
| 186|0x0000000094e00000, 0x0000000094e00000, 0x0000000094f00000|  0%| F|  |TAMS 0x0000000094e00000| PB 0x0000000094e00000| Untracked 
| 187|0x0000000094f00000, 0x0000000094f00000, 0x0000000095000000|  0%| F|  |TAMS 0x0000000094f00000| PB 0x0000000094f00000| Untracked 
| 188|0x0000000095000000, 0x0000000095000000, 0x0000000095100000|  0%| F|  |TAMS 0x0000000095000000| PB 0x0000000095000000| Untracked 
| 189|0x0000000095100000, 0x0000000095100000, 0x0000000095200000|  0%| F|  |TAMS 0x0000000095100000| PB 0x0000000095100000| Untracked 
| 190|0x0000000095200000, 0x0000000095200000, 0x0000000095300000|  0%| F|  |TAMS 0x0000000095200000| PB 0x0000000095200000| Untracked 
| 191|0x0000000095300000, 0x0000000095300000, 0x0000000095400000|  0%| F|  |TAMS 0x0000000095300000| PB 0x0000000095300000| Untracked 
| 192|0x0000000095400000, 0x0000000095400000, 0x0000000095500000|  0%| F|  |TAMS 0x0000000095400000| PB 0x0000000095400000| Untracked 
| 193|0x0000000095500000, 0x0000000095500000, 0x0000000095600000|  0%| F|  |TAMS 0x0000000095500000| PB 0x0000000095500000| Untracked 
| 194|0x0000000095600000, 0x0000000095600000, 0x0000000095700000|  0%| F|  |TAMS 0x0000000095600000| PB 0x0000000095600000| Untracked 
| 195|0x0000000095700000, 0x0000000095700000, 0x0000000095800000|  0%| F|  |TAMS 0x0000000095700000| PB 0x0000000095700000| Untracked 
| 196|0x0000000095800000, 0x0000000095800000, 0x0000000095900000|  0%| F|  |TAMS 0x0000000095800000| PB 0x0000000095800000| Untracked 
| 197|0x0000000095900000, 0x0000000095900000, 0x0000000095a00000|  0%| F|  |TAMS 0x0000000095900000| PB 0x0000000095900000| Untracked 
| 198|0x0000000095a00000, 0x0000000095a00000, 0x0000000095b00000|  0%| F|  |TAMS 0x0000000095a00000| PB 0x0000000095a00000| Untracked 
| 199|0x0000000095b00000, 0x0000000095b00000, 0x0000000095c00000|  0%| F|  |TAMS 0x0000000095b00000| PB 0x0000000095b00000| Untracked 
| 200|0x0000000095c00000, 0x0000000095c00000, 0x0000000095d00000|  0%| F|  |TAMS 0x0000000095c00000| PB 0x0000000095c00000| Untracked 
| 201|0x0000000095d00000, 0x0000000095d00000, 0x0000000095e00000|  0%| F|  |TAMS 0x0000000095d00000| PB 0x0000000095d00000| Untracked 
| 202|0x0000000095e00000, 0x0000000095e00000, 0x0000000095f00000|  0%| F|  |TAMS 0x0000000095e00000| PB 0x0000000095e00000| Untracked 
| 203|0x0000000095f00000, 0x0000000095f00000, 0x0000000096000000|  0%| F|  |TAMS 0x0000000095f00000| PB 0x0000000095f00000| Untracked 
| 204|0x0000000096000000, 0x0000000096000000, 0x0000000096100000|  0%| F|  |TAMS 0x0000000096000000| PB 0x0000000096000000| Untracked 
| 205|0x0000000096100000, 0x0000000096100000, 0x0000000096200000|  0%| F|  |TAMS 0x0000000096100000| PB 0x0000000096100000| Untracked 
| 206|0x0000000096200000, 0x0000000096200000, 0x0000000096300000|  0%| F|  |TAMS 0x0000000096200000| PB 0x0000000096200000| Untracked 
| 207|0x0000000096300000, 0x0000000096300000, 0x0000000096400000|  0%| F|  |TAMS 0x0000000096300000| PB 0x0000000096300000| Untracked 
| 208|0x0000000096400000, 0x0000000096400000, 0x0000000096500000|  0%| F|  |TAMS 0x0000000096400000| PB 0x0000000096400000| Untracked 
| 209|0x0000000096500000, 0x0000000096500000, 0x0000000096600000|  0%| F|  |TAMS 0x0000000096500000| PB 0x0000000096500000| Untracked 
| 210|0x0000000096600000, 0x0000000096600000, 0x0000000096700000|  0%| F|  |TAMS 0x0000000096600000| PB 0x0000000096600000| Untracked 
| 211|0x0000000096700000, 0x0000000096700000, 0x0000000096800000|  0%| F|  |TAMS 0x0000000096700000| PB 0x0000000096700000| Untracked 
| 212|0x0000000096800000, 0x0000000096800000, 0x0000000096900000|  0%| F|  |TAMS 0x0000000096800000| PB 0x0000000096800000| Untracked 
| 213|0x0000000096900000, 0x0000000096900000, 0x0000000096a00000|  0%| F|  |TAMS 0x0000000096900000| PB 0x0000000096900000| Untracked 
| 214|0x0000000096a00000, 0x0000000096a00000, 0x0000000096b00000|  0%| F|  |TAMS 0x0000000096a00000| PB 0x0000000096a00000| Untracked 
| 215|0x0000000096b00000, 0x0000000096b00000, 0x0000000096c00000|  0%| F|  |TAMS 0x0000000096b00000| PB 0x0000000096b00000| Untracked 
| 216|0x0000000096c00000, 0x0000000096c00000, 0x0000000096d00000|  0%| F|  |TAMS 0x0000000096c00000| PB 0x0000000096c00000| Untracked 
| 217|0x0000000096d00000, 0x0000000096d00000, 0x0000000096e00000|  0%| F|  |TAMS 0x0000000096d00000| PB 0x0000000096d00000| Untracked 
| 218|0x0000000096e00000, 0x0000000096e00000, 0x0000000096f00000|  0%| F|  |TAMS 0x0000000096e00000| PB 0x0000000096e00000| Untracked 
| 219|0x0000000096f00000, 0x0000000096f00000, 0x0000000097000000|  0%| F|  |TAMS 0x0000000096f00000| PB 0x0000000096f00000| Untracked 
| 220|0x0000000097000000, 0x0000000097000000, 0x0000000097100000|  0%| F|  |TAMS 0x0000000097000000| PB 0x0000000097000000| Untracked 
| 221|0x0000000097100000, 0x0000000097100000, 0x0000000097200000|  0%| F|  |TAMS 0x0000000097100000| PB 0x0000000097100000| Untracked 
| 222|0x0000000097200000, 0x0000000097200000, 0x0000000097300000|  0%| F|  |TAMS 0x0000000097200000| PB 0x0000000097200000| Untracked 
| 223|0x0000000097300000, 0x0000000097300000, 0x0000000097400000|  0%| F|  |TAMS 0x0000000097300000| PB 0x0000000097300000| Untracked 
| 224|0x0000000097400000, 0x0000000097400000, 0x0000000097500000|  0%| F|  |TAMS 0x0000000097400000| PB 0x0000000097400000| Untracked 
| 225|0x0000000097500000, 0x0000000097500000, 0x0000000097600000|  0%| F|  |TAMS 0x0000000097500000| PB 0x0000000097500000| Untracked 
| 226|0x0000000097600000, 0x0000000097600000, 0x0000000097700000|  0%| F|  |TAMS 0x0000000097600000| PB 0x0000000097600000| Untracked 
| 227|0x0000000097700000, 0x0000000097700000, 0x0000000097800000|  0%| F|  |TAMS 0x0000000097700000| PB 0x0000000097700000| Untracked 
| 228|0x0000000097800000, 0x0000000097800000, 0x0000000097900000|  0%| F|  |TAMS 0x0000000097800000| PB 0x0000000097800000| Untracked 
| 229|0x0000000097900000, 0x0000000097900000, 0x0000000097a00000|  0%| F|  |TAMS 0x0000000097900000| PB 0x0000000097900000| Untracked 
| 230|0x0000000097a00000, 0x0000000097a00000, 0x0000000097b00000|  0%| F|  |TAMS 0x0000000097a00000| PB 0x0000000097a00000| Untracked 
| 231|0x0000000097b00000, 0x0000000097b00000, 0x0000000097c00000|  0%| F|  |TAMS 0x0000000097b00000| PB 0x0000000097b00000| Untracked 
| 232|0x0000000097c00000, 0x0000000097c00000, 0x0000000097d00000|  0%| F|  |TAMS 0x0000000097c00000| PB 0x0000000097c00000| Untracked 
| 233|0x0000000097d00000, 0x0000000097d00000, 0x0000000097e00000|  0%| F|  |TAMS 0x0000000097d00000| PB 0x0000000097d00000| Untracked 
| 234|0x0000000097e00000, 0x0000000097e00000, 0x0000000097f00000|  0%| F|  |TAMS 0x0000000097e00000| PB 0x0000000097e00000| Untracked 
| 235|0x0000000097f00000, 0x0000000097f00000, 0x0000000098000000|  0%| F|  |TAMS 0x0000000097f00000| PB 0x0000000097f00000| Untracked 
| 236|0x0000000098000000, 0x0000000098000000, 0x0000000098100000|  0%| F|  |TAMS 0x0000000098000000| PB 0x0000000098000000| Untracked 
| 237|0x0000000098100000, 0x0000000098100000, 0x0000000098200000|  0%| F|  |TAMS 0x0000000098100000| PB 0x0000000098100000| Untracked 
| 238|0x0000000098200000, 0x0000000098200000, 0x0000000098300000|  0%| F|  |TAMS 0x0000000098200000| PB 0x0000000098200000| Untracked 
| 239|0x0000000098300000, 0x0000000098300000, 0x0000000098400000|  0%| F|  |TAMS 0x0000000098300000| PB 0x0000000098300000| Untracked 
| 240|0x0000000098400000, 0x0000000098400000, 0x0000000098500000|  0%| F|  |TAMS 0x0000000098400000| PB 0x0000000098400000| Untracked 
| 241|0x0000000098500000, 0x0000000098600000, 0x0000000098600000|100%| E|  |TAMS 0x0000000098500000| PB 0x0000000098500000| Complete 
| 242|0x0000000098600000, 0x0000000098700000, 0x0000000098700000|100%| E|CS|TAMS 0x0000000098600000| PB 0x0000000098600000| Complete 
| 243|0x0000000098700000, 0x0000000098800000, 0x0000000098800000|100%| E|CS|TAMS 0x0000000098700000| PB 0x0000000098700000| Complete 
| 244|0x0000000098800000, 0x0000000098900000, 0x0000000098900000|100%| E|CS|TAMS 0x0000000098800000| PB 0x0000000098800000| Complete 
| 245|0x0000000098900000, 0x0000000098a00000, 0x0000000098a00000|100%| E|CS|TAMS 0x0000000098900000| PB 0x0000000098900000| Complete 
| 246|0x0000000098a00000, 0x0000000098b00000, 0x0000000098b00000|100%| E|CS|TAMS 0x0000000098a00000| PB 0x0000000098a00000| Complete 
| 247|0x0000000098b00000, 0x0000000098c00000, 0x0000000098c00000|100%| E|CS|TAMS 0x0000000098b00000| PB 0x0000000098b00000| Complete 
| 248|0x0000000098c00000, 0x0000000098d00000, 0x0000000098d00000|100%| E|CS|TAMS 0x0000000098c00000| PB 0x0000000098c00000| Complete 
| 249|0x0000000098d00000, 0x0000000098e00000, 0x0000000098e00000|100%| E|CS|TAMS 0x0000000098d00000| PB 0x0000000098d00000| Complete 
| 250|0x0000000098e00000, 0x0000000098f00000, 0x0000000098f00000|100%| E|CS|TAMS 0x0000000098e00000| PB 0x0000000098e00000| Complete 
| 251|0x0000000098f00000, 0x0000000099000000, 0x0000000099000000|100%| E|CS|TAMS 0x0000000098f00000| PB 0x0000000098f00000| Complete 
| 252|0x0000000099000000, 0x0000000099100000, 0x0000000099100000|100%| E|CS|TAMS 0x0000000099000000| PB 0x0000000099000000| Complete 
| 253|0x0000000099100000, 0x0000000099200000, 0x0000000099200000|100%| E|CS|TAMS 0x0000000099100000| PB 0x0000000099100000| Complete 
| 254|0x0000000099200000, 0x0000000099300000, 0x0000000099300000|100%| E|CS|TAMS 0x0000000099200000| PB 0x0000000099200000| Complete 
| 255|0x0000000099300000, 0x0000000099400000, 0x0000000099400000|100%| E|CS|TAMS 0x0000000099300000| PB 0x0000000099300000| Complete 
| 256|0x0000000099400000, 0x0000000099500000, 0x0000000099500000|100%| E|CS|TAMS 0x0000000099400000| PB 0x0000000099400000| Complete 
| 257|0x0000000099500000, 0x0000000099600000, 0x0000000099600000|100%| E|CS|TAMS 0x0000000099500000| PB 0x0000000099500000| Complete 
| 258|0x0000000099600000, 0x0000000099700000, 0x0000000099700000|100%| E|CS|TAMS 0x0000000099600000| PB 0x0000000099600000| Complete 
| 259|0x0000000099700000, 0x0000000099800000, 0x0000000099800000|100%| E|CS|TAMS 0x0000000099700000| PB 0x0000000099700000| Complete 
| 260|0x0000000099800000, 0x0000000099900000, 0x0000000099900000|100%| E|CS|TAMS 0x0000000099800000| PB 0x0000000099800000| Complete 
| 261|0x0000000099900000, 0x0000000099a00000, 0x0000000099a00000|100%| E|CS|TAMS 0x0000000099900000| PB 0x0000000099900000| Complete 
| 262|0x0000000099a00000, 0x0000000099b00000, 0x0000000099b00000|100%| E|CS|TAMS 0x0000000099a00000| PB 0x0000000099a00000| Complete 
| 263|0x0000000099b00000, 0x0000000099c00000, 0x0000000099c00000|100%| E|CS|TAMS 0x0000000099b00000| PB 0x0000000099b00000| Complete 
| 264|0x0000000099c00000, 0x0000000099d00000, 0x0000000099d00000|100%| E|CS|TAMS 0x0000000099c00000| PB 0x0000000099c00000| Complete 
| 265|0x0000000099d00000, 0x0000000099e00000, 0x0000000099e00000|100%| E|CS|TAMS 0x0000000099d00000| PB 0x0000000099d00000| Complete 
| 266|0x0000000099e00000, 0x0000000099f00000, 0x0000000099f00000|100%| E|CS|TAMS 0x0000000099e00000| PB 0x0000000099e00000| Complete 
| 267|0x0000000099f00000, 0x000000009a000000, 0x000000009a000000|100%| E|CS|TAMS 0x0000000099f00000| PB 0x0000000099f00000| Complete 
| 268|0x000000009a000000, 0x000000009a100000, 0x000000009a100000|100%| E|CS|TAMS 0x000000009a000000| PB 0x000000009a000000| Complete 
| 269|0x000000009a100000, 0x000000009a200000, 0x000000009a200000|100%| E|CS|TAMS 0x000000009a100000| PB 0x000000009a100000| Complete 
| 270|0x000000009a200000, 0x000000009a300000, 0x000000009a300000|100%| E|CS|TAMS 0x000000009a200000| PB 0x000000009a200000| Complete 
| 271|0x000000009a300000, 0x000000009a400000, 0x000000009a400000|100%| E|CS|TAMS 0x000000009a300000| PB 0x000000009a300000| Complete 
| 272|0x000000009a400000, 0x000000009a500000, 0x000000009a500000|100%| E|CS|TAMS 0x000000009a400000| PB 0x000000009a400000| Complete 
| 273|0x000000009a500000, 0x000000009a600000, 0x000000009a600000|100%| E|CS|TAMS 0x000000009a500000| PB 0x000000009a500000| Complete 
| 274|0x000000009a600000, 0x000000009a700000, 0x000000009a700000|100%| E|CS|TAMS 0x000000009a600000| PB 0x000000009a600000| Complete 
| 275|0x000000009a700000, 0x000000009a800000, 0x000000009a800000|100%| E|CS|TAMS 0x000000009a700000| PB 0x000000009a700000| Complete 
| 276|0x000000009a800000, 0x000000009a900000, 0x000000009a900000|100%| E|CS|TAMS 0x000000009a800000| PB 0x000000009a800000| Complete 
| 277|0x000000009a900000, 0x000000009aa00000, 0x000000009aa00000|100%| E|CS|TAMS 0x000000009a900000| PB 0x000000009a900000| Complete 
| 278|0x000000009aa00000, 0x000000009ab00000, 0x000000009ab00000|100%| E|CS|TAMS 0x000000009aa00000| PB 0x000000009aa00000| Complete 
| 279|0x000000009ab00000, 0x000000009ac00000, 0x000000009ac00000|100%| E|CS|TAMS 0x000000009ab00000| PB 0x000000009ab00000| Complete 
| 280|0x000000009ac00000, 0x000000009ad00000, 0x000000009ad00000|100%| E|CS|TAMS 0x000000009ac00000| PB 0x000000009ac00000| Complete 
| 281|0x000000009ad00000, 0x000000009ae00000, 0x000000009ae00000|100%| E|CS|TAMS 0x000000009ad00000| PB 0x000000009ad00000| Complete 
| 282|0x000000009ae00000, 0x000000009af00000, 0x000000009af00000|100%| E|CS|TAMS 0x000000009ae00000| PB 0x000000009ae00000| Complete 
| 283|0x000000009af00000, 0x000000009b000000, 0x000000009b000000|100%| E|CS|TAMS 0x000000009af00000| PB 0x000000009af00000| Complete 
| 284|0x000000009b000000, 0x000000009b100000, 0x000000009b100000|100%| E|CS|TAMS 0x000000009b000000| PB 0x000000009b000000| Complete 
| 285|0x000000009b100000, 0x000000009b200000, 0x000000009b200000|100%| E|CS|TAMS 0x000000009b100000| PB 0x000000009b100000| Complete 
| 286|0x000000009b200000, 0x000000009b300000, 0x000000009b300000|100%| E|CS|TAMS 0x000000009b200000| PB 0x000000009b200000| Complete 
| 287|0x000000009b300000, 0x000000009b400000, 0x000000009b400000|100%| E|CS|TAMS 0x000000009b300000| PB 0x000000009b300000| Complete 
| 288|0x000000009b400000, 0x000000009b500000, 0x000000009b500000|100%| E|CS|TAMS 0x000000009b400000| PB 0x000000009b400000| Complete 
| 289|0x000000009b500000, 0x000000009b600000, 0x000000009b600000|100%| E|CS|TAMS 0x000000009b500000| PB 0x000000009b500000| Complete 
| 290|0x000000009b600000, 0x000000009b700000, 0x000000009b700000|100%| E|CS|TAMS 0x000000009b600000| PB 0x000000009b600000| Complete 
| 291|0x000000009b700000, 0x000000009b800000, 0x000000009b800000|100%| E|CS|TAMS 0x000000009b700000| PB 0x000000009b700000| Complete 
| 292|0x000000009b800000, 0x000000009b900000, 0x000000009b900000|100%| E|CS|TAMS 0x000000009b800000| PB 0x000000009b800000| Complete 
| 293|0x000000009b900000, 0x000000009ba00000, 0x000000009ba00000|100%| E|CS|TAMS 0x000000009b900000| PB 0x000000009b900000| Complete 
| 294|0x000000009ba00000, 0x000000009bb00000, 0x000000009bb00000|100%| E|CS|TAMS 0x000000009ba00000| PB 0x000000009ba00000| Complete 
| 295|0x000000009bb00000, 0x000000009bc00000, 0x000000009bc00000|100%| E|CS|TAMS 0x000000009bb00000| PB 0x000000009bb00000| Complete 
| 296|0x000000009bc00000, 0x000000009bd00000, 0x000000009bd00000|100%| E|CS|TAMS 0x000000009bc00000| PB 0x000000009bc00000| Complete 
| 297|0x000000009bd00000, 0x000000009be00000, 0x000000009be00000|100%| E|CS|TAMS 0x000000009bd00000| PB 0x000000009bd00000| Complete 
| 298|0x000000009be00000, 0x000000009bf00000, 0x000000009bf00000|100%| E|CS|TAMS 0x000000009be00000| PB 0x000000009be00000| Complete 
| 299|0x000000009bf00000, 0x000000009c000000, 0x000000009c000000|100%| E|CS|TAMS 0x000000009bf00000| PB 0x000000009bf00000| Complete 
| 300|0x000000009c000000, 0x000000009c100000, 0x000000009c100000|100%| E|CS|TAMS 0x000000009c000000| PB 0x000000009c000000| Complete 
| 301|0x000000009c100000, 0x000000009c200000, 0x000000009c200000|100%| E|CS|TAMS 0x000000009c100000| PB 0x000000009c100000| Complete 
| 302|0x000000009c200000, 0x000000009c300000, 0x000000009c300000|100%| E|CS|TAMS 0x000000009c200000| PB 0x000000009c200000| Complete 
| 303|0x000000009c300000, 0x000000009c400000, 0x000000009c400000|100%| E|CS|TAMS 0x000000009c300000| PB 0x000000009c300000| Complete 
| 304|0x000000009c400000, 0x000000009c500000, 0x000000009c500000|100%| E|CS|TAMS 0x000000009c400000| PB 0x000000009c400000| Complete 
| 305|0x000000009c500000, 0x000000009c600000, 0x000000009c600000|100%| E|CS|TAMS 0x000000009c500000| PB 0x000000009c500000| Complete 
| 306|0x000000009c600000, 0x000000009c700000, 0x000000009c700000|100%| E|CS|TAMS 0x000000009c600000| PB 0x000000009c600000| Complete 
| 307|0x000000009c700000, 0x000000009c800000, 0x000000009c800000|100%| E|CS|TAMS 0x000000009c700000| PB 0x000000009c700000| Complete 
| 308|0x000000009c800000, 0x000000009c900000, 0x000000009c900000|100%| E|CS|TAMS 0x000000009c800000| PB 0x000000009c800000| Complete 
| 309|0x000000009c900000, 0x000000009ca00000, 0x000000009ca00000|100%| E|CS|TAMS 0x000000009c900000| PB 0x000000009c900000| Complete 
| 310|0x000000009ca00000, 0x000000009cb00000, 0x000000009cb00000|100%| E|CS|TAMS 0x000000009ca00000| PB 0x000000009ca00000| Complete 
| 311|0x000000009cb00000, 0x000000009cc00000, 0x000000009cc00000|100%| E|CS|TAMS 0x000000009cb00000| PB 0x000000009cb00000| Complete 
| 312|0x000000009cc00000, 0x000000009cd00000, 0x000000009cd00000|100%| E|CS|TAMS 0x000000009cc00000| PB 0x000000009cc00000| Complete 
| 313|0x000000009cd00000, 0x000000009ce00000, 0x000000009ce00000|100%| E|CS|TAMS 0x000000009cd00000| PB 0x000000009cd00000| Complete 
| 314|0x000000009ce00000, 0x000000009cf00000, 0x000000009cf00000|100%| E|CS|TAMS 0x000000009ce00000| PB 0x000000009ce00000| Complete 
| 315|0x000000009cf00000, 0x000000009d000000, 0x000000009d000000|100%| E|CS|TAMS 0x000000009cf00000| PB 0x000000009cf00000| Complete 
| 316|0x000000009d000000, 0x000000009d100000, 0x000000009d100000|100%| E|CS|TAMS 0x000000009d000000| PB 0x000000009d000000| Complete 
| 317|0x000000009d100000, 0x000000009d200000, 0x000000009d200000|100%| E|  |TAMS 0x000000009d100000| PB 0x000000009d100000| Complete 
| 318|0x000000009d200000, 0x000000009d300000, 0x000000009d300000|100%| E|CS|TAMS 0x000000009d200000| PB 0x000000009d200000| Complete 
| 319|0x000000009d300000, 0x000000009d400000, 0x000000009d400000|100%| E|CS|TAMS 0x000000009d300000| PB 0x000000009d300000| Complete 
| 320|0x000000009d400000, 0x000000009d500000, 0x000000009d500000|100%| E|CS|TAMS 0x000000009d400000| PB 0x000000009d400000| Complete 
| 321|0x000000009d500000, 0x000000009d600000, 0x000000009d600000|100%| E|CS|TAMS 0x000000009d500000| PB 0x000000009d500000| Complete 
| 322|0x000000009d600000, 0x000000009d700000, 0x000000009d700000|100%| E|CS|TAMS 0x000000009d600000| PB 0x000000009d600000| Complete 
| 323|0x000000009d700000, 0x000000009d800000, 0x000000009d800000|100%| E|CS|TAMS 0x000000009d700000| PB 0x000000009d700000| Complete 
| 324|0x000000009d800000, 0x000000009d900000, 0x000000009d900000|100%| E|CS|TAMS 0x000000009d800000| PB 0x000000009d800000| Complete 
| 325|0x000000009d900000, 0x000000009da00000, 0x000000009da00000|100%| E|CS|TAMS 0x000000009d900000| PB 0x000000009d900000| Complete 
| 326|0x000000009da00000, 0x000000009db00000, 0x000000009db00000|100%| E|CS|TAMS 0x000000009da00000| PB 0x000000009da00000| Complete 
| 327|0x000000009db00000, 0x000000009dc00000, 0x000000009dc00000|100%| E|CS|TAMS 0x000000009db00000| PB 0x000000009db00000| Complete 
| 328|0x000000009dc00000, 0x000000009dd00000, 0x000000009dd00000|100%| E|CS|TAMS 0x000000009dc00000| PB 0x000000009dc00000| Complete 
| 329|0x000000009dd00000, 0x000000009de00000, 0x000000009de00000|100%| E|CS|TAMS 0x000000009dd00000| PB 0x000000009dd00000| Complete 
| 330|0x000000009de00000, 0x000000009df00000, 0x000000009df00000|100%| E|CS|TAMS 0x000000009de00000| PB 0x000000009de00000| Complete 
| 331|0x000000009df00000, 0x000000009e000000, 0x000000009e000000|100%| E|CS|TAMS 0x000000009df00000| PB 0x000000009df00000| Complete 
| 332|0x000000009e000000, 0x000000009e100000, 0x000000009e100000|100%| E|CS|TAMS 0x000000009e000000| PB 0x000000009e000000| Complete 
| 333|0x000000009e100000, 0x000000009e200000, 0x000000009e200000|100%| E|CS|TAMS 0x000000009e100000| PB 0x000000009e100000| Complete 
| 334|0x000000009e200000, 0x000000009e300000, 0x000000009e300000|100%| E|CS|TAMS 0x000000009e200000| PB 0x000000009e200000| Complete 
| 335|0x000000009e300000, 0x000000009e400000, 0x000000009e400000|100%| E|CS|TAMS 0x000000009e300000| PB 0x000000009e300000| Complete 
|1893|0x00000000ff900000, 0x00000000ffa00000, 0x00000000ffa00000|100%| O|  |TAMS 0x00000000ff900000| PB 0x00000000ff900000| Untracked 
|1894|0x00000000ffa00000, 0x00000000ffb00000, 0x00000000ffb00000|100%| O|  |TAMS 0x00000000ffa00000| PB 0x00000000ffa00000| Untracked 
|1895|0x00000000ffb00000, 0x00000000ffc00000, 0x00000000ffc00000|100%| E|CS|TAMS 0x00000000ffb00000| PB 0x00000000ffb00000| Complete 
|1896|0x00000000ffc00000, 0x00000000ffd00000, 0x00000000ffd00000|100%| E|CS|TAMS 0x00000000ffc00000| PB 0x00000000ffc00000| Complete 
|1897|0x00000000ffd00000, 0x00000000ffe00000, 0x00000000ffe00000|100%| O|  |TAMS 0x00000000ffd00000| PB 0x00000000ffd00000| Untracked 
|1898|0x00000000ffe00000, 0x00000000fff00000, 0x00000000fff00000|100%| E|CS|TAMS 0x00000000ffe00000| PB 0x00000000ffe00000| Complete 
|1899|0x00000000fff00000, 0x0000000100000000, 0x0000000100000000|100%| O|  |TAMS 0x00000000fff00000| PB 0x00000000fff00000| Untracked 

Card table byte_map: [0x000002e052ca0000,0x000002e053060000] _byte_map_base: 0x000002e052856000

Marking Bits: (CMBitMap*) 0x000002e03ac3fbf0
 Bits: [0x000002e053060000, 0x000002e054e10000)

Polling page: 0x000002e038bc0000

Metaspace:

Usage:
  Non-class:     85.19 MB used.
      Class:     13.58 MB used.
       Both:     98.77 MB used.

Virtual space:
  Non-class space:      128.00 MB reserved,      85.62 MB ( 67%) committed,  2 nodes.
      Class space:        1.00 GB reserved,      14.00 MB (  1%) committed,  1 nodes.
             Both:        1.12 GB reserved,      99.62 MB (  9%) committed. 

Chunk freelists:
   Non-Class:  10.02 MB
       Class:  1.91 MB
        Both:  11.92 MB

MaxMetaspaceSize: unlimited
CompressedClassSpaceSize: 1.00 GB
Initial GC threshold: 21.00 MB
Current GC threshold: 145.25 MB
CDS: on
 - commit_granule_bytes: 65536.
 - commit_granule_words: 8192.
 - virtual_space_node_default_size: 8388608.
 - enlarge_chunks_in_place: 1.
 - use_allocation_guard: 0.


Internal statistics:

num_allocs_failed_limit: 9.
num_arena_births: 1240.
num_arena_deaths: 0.
num_vsnodes_births: 3.
num_vsnodes_deaths: 0.
num_space_committed: 1594.
num_space_uncommitted: 0.
num_chunks_returned_to_freelist: 9.
num_chunks_taken_from_freelist: 4824.
num_chunk_merges: 9.
num_chunk_splits: 3539.
num_chunks_enlarged: 2827.
num_inconsistent_stats: 0.

CodeHeap 'non-profiled nmethods': size=119168Kb used=4581Kb max_used=4581Kb free=114587Kb
 bounds [0x000002e04ac00000, 0x000002e04b080000, 0x000002e052060000]
CodeHeap 'profiled nmethods': size=119104Kb used=16200Kb max_used=16200Kb free=102903Kb
 bounds [0x000002e043060000, 0x000002e044040000, 0x000002e04a4b0000]
CodeHeap 'non-nmethods': size=7488Kb used=1792Kb max_used=3240Kb free=5696Kb
 bounds [0x000002e04a4b0000, 0x000002e04a7f0000, 0x000002e04ac00000]
 total_blobs=8751 nmethods=7956 adapters=699
 compilation: enabled
              stopped_count=0, restarted_count=0
 full_count=0

Compilation events (20 events):
Event: 1324.287 Thread 0x000002e057e74410 nmethod 9108 0x000002e04402e890 code [0x000002e04402eb80, 0x000002e04402f8f8]
Event: 1324.287 Thread 0x000002e057e74410 9109       3       java.nio.charset.CharsetEncoder::onMalformedInput (26 bytes)
Event: 1324.288 Thread 0x000002e057e74410 nmethod 9109 0x000002e04402fe90 code [0x000002e044030040, 0x000002e044030380]
Event: 1324.289 Thread 0x000002e057e74410 9110       3       java.nio.charset.CharsetEncoder::implOnMalformedInput (1 bytes)
Event: 1324.289 Thread 0x000002e057e74410 nmethod 9110 0x000002e044030490 code [0x000002e044030620, 0x000002e044030728]
Event: 1324.289 Thread 0x000002e057e74410 9111       3       java.nio.charset.CharsetEncoder::onUnmappableCharacter (26 bytes)
Event: 1324.289 Thread 0x000002e057e74410 nmethod 9111 0x000002e044030790 code [0x000002e044030940, 0x000002e044030c80]
Event: 1324.289 Thread 0x000002e057e74410 9112       3       java.nio.charset.CharsetEncoder::implOnUnmappableCharacter (1 bytes)
Event: 1324.289 Thread 0x000002e057e74410 nmethod 9112 0x000002e044030d90 code [0x000002e044030f20, 0x000002e044031028]
Event: 1324.300 Thread 0x000002e057e74410 9113       3       java.util.concurrent.atomic.AtomicMarkableReference$Pair::of (10 bytes)
Event: 1324.300 Thread 0x000002e057e74410 nmethod 9113 0x000002e044031090 code [0x000002e044031240, 0x000002e0440314a8]
Event: 1324.301 Thread 0x000002e057e74410 9115       3       org.apache.hc.client5.http.impl.io.PoolingHttpClientConnectionManager::access$000 (4 bytes)
Event: 1324.301 Thread 0x000002e057e74410 nmethod 9115 0x000002e044031590 code [0x000002e044031720, 0x000002e044031818]
Event: 1324.301 Thread 0x000002e057e74410 9114       1       org.apache.hc.core5.http.io.entity.NullEntity::getContentLength (2 bytes)
Event: 1324.301 Thread 0x000002e057e74410 nmethod 9114 0x000002e04b078e10 code [0x000002e04b078fa0, 0x000002e04b079070]
Event: 1324.303 Thread 0x000002e057e74410 9116       1       org.apache.hc.core5.http.io.entity.NullEntity::isRepeatable (2 bytes)
Event: 1324.303 Thread 0x000002e057e74410 nmethod 9116 0x000002e04b079110 code [0x000002e04b0792a0, 0x000002e04b079368]
Event: 1330.611 Thread 0x000002e057e74410 9117       3       java.nio.HeapByteBuffer::put (12 bytes)
Event: 1330.612 Thread 0x000002e057e74410 nmethod 9117 0x000002e044031890 code [0x000002e044031a80, 0x000002e044031f48]
Event: 1337.303 Thread 0x000002e057e72c60 9118   !   4       java.util.concurrent.locks.AbstractQueuedSynchronizer::acquire (424 bytes)

GC Heap History (20 events):
Event: 23.496 GC heap before
{Heap before GC invocations=14 (full 0):
 garbage-first heap   total 94208K, used 80258K [0x0000000089400000, 0x0000000100000000)
  region size 1024K, 40 young (40960K), 1 survivors (1024K)
 Metaspace       used 70480K, committed 71104K, reserved 1114112K
  class space    used 9437K, committed 9728K, reserved 1048576K
}
Event: 23.502 GC heap after
{Heap after GC invocations=15 (full 0):
 garbage-first heap   total 94208K, used 42068K [0x0000000089400000, 0x0000000100000000)
  region size 1024K, 3 young (3072K), 3 survivors (3072K)
 Metaspace       used 70480K, committed 71104K, reserved 1114112K
  class space    used 9437K, committed 9728K, reserved 1048576K
}
Event: 26.112 GC heap before
{Heap before GC invocations=15 (full 0):
 garbage-first heap   total 94208K, used 83028K [0x0000000089400000, 0x0000000100000000)
  region size 1024K, 43 young (44032K), 3 survivors (3072K)
 Metaspace       used 80683K, committed 81408K, reserved 1179648K
  class space    used 11001K, committed 11328K, reserved 1048576K
}
Event: 26.123 GC heap after
{Heap after GC invocations=16 (full 0):
 garbage-first heap   total 94208K, used 44345K [0x0000000089400000, 0x0000000100000000)
  region size 1024K, 6 young (6144K), 6 survivors (6144K)
 Metaspace       used 80683K, committed 81408K, reserved 1179648K
  class space    used 11001K, committed 11328K, reserved 1048576K
}
Event: 26.546 GC heap before
{Heap before GC invocations=16 (full 0):
 garbage-first heap   total 94208K, used 81209K [0x0000000089400000, 0x0000000100000000)
  region size 1024K, 42 young (43008K), 6 survivors (6144K)
 Metaspace       used 80759K, committed 81472K, reserved 1179648K
  class space    used 11007K, committed 11328K, reserved 1048576K
}
Event: 26.564 GC heap after
{Heap after GC invocations=17 (full 0):
 garbage-first heap   total 96256K, used 52750K [0x0000000089400000, 0x0000000100000000)
  region size 1024K, 6 young (6144K), 6 survivors (6144K)
 Metaspace       used 80759K, committed 81472K, reserved 1179648K
  class space    used 11007K, committed 11328K, reserved 1048576K
}
Event: 27.067 GC heap before
{Heap before GC invocations=17 (full 0):
 garbage-first heap   total 96256K, used 77326K [0x0000000089400000, 0x0000000100000000)
  region size 1024K, 31 young (31744K), 6 survivors (6144K)
 Metaspace       used 80761K, committed 81472K, reserved 1179648K
  class space    used 11007K, committed 11328K, reserved 1048576K
}
Event: 27.087 GC heap after
{Heap after GC invocations=18 (full 0):
 garbage-first heap   total 96256K, used 63205K [0x0000000089400000, 0x0000000100000000)
  region size 1024K, 5 young (5120K), 5 survivors (5120K)
 Metaspace       used 80761K, committed 81472K, reserved 1179648K
  class space    used 11007K, committed 11328K, reserved 1048576K
}
Event: 27.292 GC heap before
{Heap before GC invocations=19 (full 0):
 garbage-first heap   total 114688K, used 82661K [0x0000000089400000, 0x0000000100000000)
  region size 1024K, 23 young (23552K), 5 survivors (5120K)
 Metaspace       used 80763K, committed 81472K, reserved 1179648K
  class space    used 11007K, committed 11328K, reserved 1048576K
}
Event: 27.305 GC heap after
{Heap after GC invocations=20 (full 0):
 garbage-first heap   total 138240K, used 69535K [0x0000000089400000, 0x0000000100000000)
  region size 1024K, 3 young (3072K), 3 survivors (3072K)
 Metaspace       used 80763K, committed 81472K, reserved 1179648K
  class space    used 11007K, committed 11328K, reserved 1048576K
}
Event: 27.644 GC heap before
{Heap before GC invocations=20 (full 0):
 garbage-first heap   total 138240K, used 110495K [0x0000000089400000, 0x0000000100000000)
  region size 1024K, 41 young (41984K), 3 survivors (3072K)
 Metaspace       used 80763K, committed 81472K, reserved 1179648K
  class space    used 11007K, committed 11328K, reserved 1048576K
}
Event: 27.664 GC heap after
{Heap after GC invocations=21 (full 0):
 garbage-first heap   total 138240K, used 85573K [0x0000000089400000, 0x0000000100000000)
  region size 1024K, 6 young (6144K), 6 survivors (6144K)
 Metaspace       used 80763K, committed 81472K, reserved 1179648K
  class space    used 11007K, committed 11328K, reserved 1048576K
}
Event: 27.841 GC heap before
{Heap before GC invocations=21 (full 0):
 garbage-first heap   total 138240K, used 114245K [0x0000000089400000, 0x0000000100000000)
  region size 1024K, 34 young (34816K), 6 survivors (6144K)
 Metaspace       used 80763K, committed 81472K, reserved 1179648K
  class space    used 11007K, committed 11328K, reserved 1048576K
}
Event: 27.849 GC heap after
{Heap after GC invocations=22 (full 0):
 garbage-first heap   total 138240K, used 87737K [0x0000000089400000, 0x0000000100000000)
  region size 1024K, 1 young (1024K), 1 survivors (1024K)
 Metaspace       used 80763K, committed 81472K, reserved 1179648K
  class space    used 11007K, committed 11328K, reserved 1048576K
}
Event: 28.058 GC heap before
{Heap before GC invocations=23 (full 0):
 garbage-first heap   total 176128K, used 114361K [0x0000000089400000, 0x0000000100000000)
  region size 1024K, 30 young (30720K), 1 survivors (1024K)
 Metaspace       used 80763K, committed 81472K, reserved 1179648K
  class space    used 11007K, committed 11328K, reserved 1048576K
}
Event: 28.067 GC heap after
{Heap after GC invocations=24 (full 0):
 garbage-first heap   total 176128K, used 90112K [0x0000000089400000, 0x0000000100000000)
  region size 1024K, 4 young (4096K), 4 survivors (4096K)
 Metaspace       used 80763K, committed 81472K, reserved 1179648K
  class space    used 11007K, committed 11328K, reserved 1048576K
}
Event: 28.739 GC heap before
{Heap before GC invocations=24 (full 0):
 garbage-first heap   total 176128K, used 143360K [0x0000000089400000, 0x0000000100000000)
  region size 1024K, 57 young (58368K), 4 survivors (4096K)
 Metaspace       used 82406K, committed 83136K, reserved 1179648K
  class space    used 11439K, committed 11776K, reserved 1048576K
}
Event: 28.755 GC heap after
{Heap after GC invocations=25 (full 0):
 garbage-first heap   total 176128K, used 98875K [0x0000000089400000, 0x0000000100000000)
  region size 1024K, 8 young (8192K), 8 survivors (8192K)
 Metaspace       used 82406K, committed 83136K, reserved 1179648K
  class space    used 11439K, committed 11776K, reserved 1048576K
}
Event: 30.346 GC heap before
{Heap before GC invocations=25 (full 0):
 garbage-first heap   total 176128K, used 147003K [0x0000000089400000, 0x0000000100000000)
  region size 1024K, 56 young (57344K), 8 survivors (8192K)
 Metaspace       used 88032K, committed 88768K, reserved 1179648K
  class space    used 12200K, committed 12544K, reserved 1048576K
}
Event: 30.362 GC heap after
{Heap after GC invocations=26 (full 0):
 garbage-first heap   total 351232K, used 103145K [0x0000000089400000, 0x0000000100000000)
  region size 1024K, 4 young (4096K), 4 survivors (4096K)
 Metaspace       used 88032K, committed 88768K, reserved 1179648K
  class space    used 12200K, committed 12544K, reserved 1048576K
}

Dll operation events (14 events):
Event: 0.050 Loaded shared library C:\Program Files\Java\jdk-21\bin\java.dll
Event: 0.221 Loaded shared library C:\Program Files\Java\jdk-21\bin\jsvml.dll
Event: 0.797 Loaded shared library C:\Program Files\Java\jdk-21\bin\zip.dll
Event: 0.812 Loaded shared library C:\Program Files\Java\jdk-21\bin\instrument.dll
Event: 0.828 Loaded shared library C:\Program Files\Java\jdk-21\bin\net.dll
Event: 0.836 Loaded shared library C:\Program Files\Java\jdk-21\bin\nio.dll
Event: 0.851 Loaded shared library C:\Program Files\Java\jdk-21\bin\zip.dll
Event: 1.527 Loaded shared library C:\Program Files\JetBrains\IntelliJ IDEA Community Edition 2024.2.4\bin\breakgen64.dll
Event: 1.557 Loaded shared library C:\Program Files\Java\jdk-21\bin\extnet.dll
Event: 1.651 Loaded shared library C:\Program Files\Java\jdk-21\bin\jimage.dll
Event: 3.541 Loaded shared library C:\Program Files\Java\jdk-21\bin\management.dll
Event: 3.549 Loaded shared library C:\Program Files\Java\jdk-21\bin\management_ext.dll
Event: 8.687 Loaded shared library C:\Program Files\Java\jdk-21\bin\sunmscapi.dll
Event: 32.364 Loaded shared library C:\Program Files\Java\jdk-21\bin\verify.dll

Deoptimization events (20 events):
Event: 1206.873 Thread 0x000002e09f9944b0 Uncommon trap: trap_request=0xffffffd6 fr.pc=0x000002e04b072244 relative=0x00000000000004c4
Event: 1206.873 Thread 0x000002e09f9944b0 Uncommon trap: reason=array_check action=maybe_recompile pc=0x000002e04b072244 method=java.util.concurrent.ScheduledThreadPoolExecutor$DelayedWorkQueue.siftDown(ILjava/util/concurrent/RunnableScheduledFuture;)V @ 93 c2
Event: 1206.873 Thread 0x000002e09f9944b0 DEOPT PACKING pc=0x000002e04b072244 sp=0x000000f8367ff020
Event: 1206.874 Thread 0x000002e09f9944b0 DEOPT UNPACKING pc=0x000002e04a5046a2 sp=0x000000f8367fefc8 mode 2
Event: 1207.865 Thread 0x000002e09f5fd400 Uncommon trap: trap_request=0xffffffd6 fr.pc=0x000002e04b072244 relative=0x00000000000004c4
Event: 1207.865 Thread 0x000002e09f5fd400 Uncommon trap: reason=array_check action=maybe_recompile pc=0x000002e04b072244 method=java.util.concurrent.ScheduledThreadPoolExecutor$DelayedWorkQueue.siftDown(ILjava/util/concurrent/RunnableScheduledFuture;)V @ 93 c2
Event: 1207.865 Thread 0x000002e09f5fd400 DEOPT PACKING pc=0x000002e04b072244 sp=0x000000f8372fee20
Event: 1207.867 Thread 0x000002e09f9944b0 Uncommon trap: trap_request=0xffffffd6 fr.pc=0x000002e04b072244 relative=0x00000000000004c4
Event: 1207.867 Thread 0x000002e09f9944b0 Uncommon trap: reason=array_check action=maybe_recompile pc=0x000002e04b072244 method=java.util.concurrent.ScheduledThreadPoolExecutor$DelayedWorkQueue.siftDown(ILjava/util/concurrent/RunnableScheduledFuture;)V @ 93 c2
Event: 1207.868 Thread 0x000002e09f9944b0 DEOPT PACKING pc=0x000002e04b072244 sp=0x000000f8367ff020
Event: 1207.868 Thread 0x000002e09f9944b0 DEOPT UNPACKING pc=0x000002e04a5046a2 sp=0x000000f8367fefc8 mode 2
Event: 1207.868 Thread 0x000002e09f5fd400 DEOPT UNPACKING pc=0x000002e04a5046a2 sp=0x000000f8372fedc8 mode 2
Event: 1216.875 Thread 0x000002e09f0ea6f0 Uncommon trap: trap_request=0xffffffd6 fr.pc=0x000002e04b07327c relative=0x00000000000005fc
Event: 1216.875 Thread 0x000002e09f0ea6f0 Uncommon trap: reason=array_check action=maybe_recompile pc=0x000002e04b07327c method=java.util.concurrent.ScheduledThreadPoolExecutor$DelayedWorkQueue.siftDown(ILjava/util/concurrent/RunnableScheduledFuture;)V @ 112 c2
Event: 1216.875 Thread 0x000002e09f0ea6f0 DEOPT PACKING pc=0x000002e04b07327c sp=0x000000f8366feda0
Event: 1216.875 Thread 0x000002e09f0ea6f0 DEOPT UNPACKING pc=0x000002e04a5046a2 sp=0x000000f8366fed48 mode 2
Event: 1217.872 Thread 0x000002e09f9944b0 Uncommon trap: trap_request=0xffffffd6 fr.pc=0x000002e04b07327c relative=0x00000000000005fc
Event: 1217.872 Thread 0x000002e09f9944b0 Uncommon trap: reason=array_check action=maybe_recompile pc=0x000002e04b07327c method=java.util.concurrent.ScheduledThreadPoolExecutor$DelayedWorkQueue.siftDown(ILjava/util/concurrent/RunnableScheduledFuture;)V @ 112 c2
Event: 1217.872 Thread 0x000002e09f9944b0 DEOPT PACKING pc=0x000002e04b07327c sp=0x000000f8367ff020
Event: 1217.873 Thread 0x000002e09f9944b0 DEOPT UNPACKING pc=0x000002e04a5046a2 sp=0x000000f8367fefc8 mode 2

Classes loaded (20 events):
Event: 51.142 Loading class java/util/stream/LongStream
Event: 51.143 Loading class java/util/stream/LongStream done
Event: 51.143 Loading class java/util/stream/DoubleStream
Event: 51.143 Loading class java/util/stream/DoubleStream done
Event: 51.208 Loading class sun/nio/cs/ISO_8859_1$Encoder
Event: 51.209 Loading class sun/nio/cs/ISO_8859_1$Encoder done
Event: 51.390 Loading class java/util/ArrayList$SubList$2
Event: 51.391 Loading class java/util/ArrayList$SubList$2 done
Event: 51.408 Loading class java/util/stream/ReduceOps$7
Event: 51.408 Loading class java/util/stream/ReduceOps$7 done
Event: 51.408 Loading class java/util/stream/ReduceOps$6ReducingSink
Event: 51.408 Loading class java/util/stream/ReduceOps$6ReducingSink done
Event: 51.416 Loading class java/io/PrintWriter$1
Event: 51.416 Loading class jdk/internal/access/JavaIOPrintWriterAccess
Event: 51.417 Loading class jdk/internal/access/JavaIOPrintWriterAccess done
Event: 51.417 Loading class java/io/PrintWriter$1 done
Event: 51.417 Loading class java/lang/Throwable$WrappedPrintWriter
Event: 51.417 Loading class java/lang/Throwable$PrintStreamOrWriter
Event: 51.417 Loading class java/lang/Throwable$PrintStreamOrWriter done
Event: 51.417 Loading class java/lang/Throwable$WrappedPrintWriter done

Classes unloaded (0 events):
No events

Classes redefined (0 events):
No events

Internal exceptions (20 events):
Event: 32.317 Thread 0x000002e09dec9520 Exception <a 'java/lang/NoSuchMethodError'{0x000000009c32e538}: 'java.lang.Object java.lang.invoke.DirectMethodHandle$Holder.invokeStatic(java.lang.Object, int, int)'> (0x000000009c32e538) 
thrown [s\open\src\hotspot\share\interpreter\linkResolver.cpp, line 773]
Event: 32.697 Thread 0x000002e09dec9520 Exception <a 'java/lang/NoSuchMethodError'{0x000000009bd77088}: 'long java.lang.invoke.DirectMethodHandle$Holder.invokeStatic(java.lang.Object, java.lang.Object, int)'> (0x000000009bd77088) 
thrown [s\open\src\hotspot\share\interpreter\linkResolver.cpp, line 773]
Event: 32.698 Thread 0x000002e09dec9520 Exception <a 'java/lang/NoSuchMethodError'{0x000000009bd81d68}: 'java.lang.Object java.lang.invoke.DelegatingMethodHandle$Holder.reinvoke_L(java.lang.Object, int, int, long, java.lang.Object, long, long, long)'> (0x000000009bd81d68) 
thrown [s\open\src\hotspot\share\interpreter\linkResolver.cpp, line 773]
Event: 32.703 Thread 0x000002e09dec9520 Exception <a 'java/lang/NoSuchMethodError'{0x000000009bda5b28}: 'java.lang.Object java.lang.invoke.DelegatingMethodHandle$Holder.reinvoke_L(java.lang.Object, java.lang.Object, java.lang.Object, java.lang.Object, java.lang.Object, java.lang.Object, java.lang.Object, java.lang.Object, java.lang.Object, java.lang.Object, java.lang.Object, java.lang.Object, java.lang.Object, java.lang.Object, int, java.lang.Object, java.lang.Object, java.lang.Object, java.lang.Object, java.lang.Object, java.lang.Object, java.l
Event: 32.711 Thread 0x000002e09dec9520 Exception <a 'java/lang/NoSuchMethodError'{0x000000009bdfb870}: 'java.lang.Object java.lang.invoke.DirectMethodHandle$Holder.invokeStatic(java.lang.Object, java.lang.Object, java.lang.Object, java.lang.Object, java.lang.Object, java.lang.Object, java.lang.Object, java.lang.Object, java.lang.Object, java.lang.Object, java.lang.Object, java.lang.Object, java.lang.Object)'> (0x000000009bdfb870) 
thrown [s\open\src\hotspot\share\interpreter\linkResolver.cpp, line 773]
Event: 32.714 Thread 0x000002e09dec9520 Exception <a 'java/lang/NoSuchMethodError'{0x000000009bc1c750}: 'java.lang.Object java.lang.invoke.DirectMethodHandle$Holder.invokeStatic(java.lang.Object, java.lang.Object, java.lang.Object, java.lang.Object, java.lang.Object, java.lang.Object, java.lang.Object, java.lang.Object, java.lang.Object, java.lang.Object, java.lang.Object, java.lang.Object, java.lang.Object, java.lang.Object)'> (0x000000009bc1c750) 
thrown [s\open\src\hotspot\share\interpreter\linkResolver.cpp, line 773]
Event: 32.716 Thread 0x000002e09dec9520 Exception <a 'java/lang/NoSuchMethodError'{0x000000009bc32450}: 'java.lang.Object java.lang.invoke.DelegatingMethodHandle$Holder.reinvoke_L(java.lang.Object, java.lang.Object, java.lang.Object, java.lang.Object, java.lang.Object, java.lang.Object, java.lang.Object, java.lang.Object, java.lang.Object, java.lang.Object, java.lang.Object, java.lang.Object, java.lang.Object, java.lang.Object, java.lang.Object, java.lang.Object, java.lang.Object, java.lang.Object, java.lang.Object, java.lang.Object, java.lang.O
Event: 32.874 Thread 0x000002e0a16f8630 Exception <a 'java/lang/NoSuchMethodError'{0x000000009b6c2820}: 'long java.lang.invoke.DelegatingMethodHandle$Holder.reinvoke_L(java.lang.Object, java.lang.Object)'> (0x000000009b6c2820) 
thrown [s\open\src\hotspot\share\interpreter\linkResolver.cpp, line 773]
Event: 32.883 Thread 0x000002e0a16f8630 Implicit null exception at 0x000002e04af39589 to 0x000002e04af3997c
Event: 50.581 Thread 0x000002e0a2f21d80 Exception <a 'java/lang/NoSuchMethodError'{0x000000009b522e68}: 'java.lang.Object java.lang.invoke.DirectMethodHandle$Holder.invokeStatic(java.lang.Object, java.lang.Object, java.lang.Object, int, int)'> (0x000000009b522e68) 
thrown [s\open\src\hotspot\share\interpreter\linkResolver.cpp, line 773]
Event: 50.581 Thread 0x000002e0a2f21d80 Exception <a 'java/lang/NoSuchMethodError'{0x000000009b526178}: 'java.lang.Object java.lang.invoke.DirectMethodHandle$Holder.invokeStaticInit(java.lang.Object, java.lang.Object, java.lang.Object, int, int)'> (0x000000009b526178) 
thrown [s\open\src\hotspot\share\interpreter\linkResolver.cpp, line 773]
Event: 50.689 Thread 0x000002e0a16fad90 Exception <a 'java/lang/NoSuchMethodError'{0x000000009b1290d0}: 'java.lang.Object java.lang.invoke.DirectMethodHandle$Holder.invokeSpecial(java.lang.Object, java.lang.Object, java.lang.Object, java.lang.Object, java.lang.Object, long)'> (0x000000009b1290d0) 
thrown [s\open\src\hotspot\share\interpreter\linkResolver.cpp, line 773]
Event: 50.689 Thread 0x000002e0a16fad90 Exception <a 'java/lang/NoSuchMethodError'{0x000000009b12c858}: 'java.lang.Object java.lang.invoke.Invokers$Holder.linkToTargetMethod(java.lang.Object, java.lang.Object, java.lang.Object, long, java.lang.Object)'> (0x000000009b12c858) 
thrown [s\open\src\hotspot\share\interpreter\linkResolver.cpp, line 773]
Event: 50.862 Thread 0x000002e0a16fad90 Exception <a 'java/lang/IncompatibleClassChangeError'{0x000000009afd9520}: Found class java.lang.Object, but interface was expected> (0x000000009afd9520) 
thrown [s\open\src\hotspot\share\interpreter\linkResolver.cpp, line 840]
Event: 50.925 Thread 0x000002e0a16fad90 Exception <a 'java/lang/NoSuchMethodError'{0x000000009ad6ea18}: 'java.lang.Object java.lang.invoke.DirectMethodHandle$Holder.invokeStatic(java.lang.Object, java.lang.Object, java.lang.Object, java.lang.Object, java.lang.Object, java.lang.Object, java.lang.Object, java.lang.Object, java.lang.Object, int)'> (0x000000009ad6ea18) 
thrown [s\open\src\hotspot\share\interpreter\linkResolver.cpp, line 773]
Event: 50.925 Thread 0x000002e0a16fad90 Exception <a 'java/lang/NoSuchMethodError'{0x000000009ad78b98}: 'java.lang.Object java.lang.invoke.DirectMethodHandle$Holder.invokeStatic(java.lang.Object, java.lang.Object, java.lang.Object, java.lang.Object, java.lang.Object, java.lang.Object, java.lang.Object, java.lang.Object, java.lang.Object, java.lang.Object, int)'> (0x000000009ad78b98) 
thrown [s\open\src\hotspot\share\interpreter\linkResolver.cpp, line 773]
Event: 50.927 Thread 0x000002e0a16fad90 Exception <a 'java/lang/NoSuchMethodError'{0x000000009ad84c78}: 'java.lang.Object java.lang.invoke.DirectMethodHandle$Holder.invokeStatic(java.lang.Object, java.lang.Object, java.lang.Object, java.lang.Object, java.lang.Object, java.lang.Object, java.lang.Object, java.lang.Object, int)'> (0x000000009ad84c78) 
thrown [s\open\src\hotspot\share\interpreter\linkResolver.cpp, line 773]
Event: 50.967 Thread 0x000002e0a16fad90 Exception <a 'java/lang/NoSuchMethodError'{0x000000009acf0920}: 'void java.lang.invoke.DirectMethodHandle$Holder.invokeSpecial(java.lang.Object, java.lang.Object, int, int, java.lang.Object)'> (0x000000009acf0920) 
thrown [s\open\src\hotspot\share\interpreter\linkResolver.cpp, line 773]
Event: 51.196 Thread 0x000002e0a16fad90 Exception <a 'java/lang/NoSuchMethodError'{0x000000009a68cdb8}: 'void java.lang.invoke.DirectMethodHandle$Holder.invokeSpecialIFC(java.lang.Object, java.lang.Object, int, java.lang.Object, java.lang.Object, java.lang.Object, java.lang.Object)'> (0x000000009a68cdb8) 
thrown [s\open\src\hotspot\share\interpreter\linkResolver.cpp, line 773]
Event: 265.110 Thread 0x000002e0a2f22aa0 Exception <a 'java/lang/NoSuchMethodError'{0x000000009b86c648}: 'java.lang.Object java.lang.invoke.DirectMethodHandle$Holder.invokeInterface(java.lang.Object, java.lang.Object, java.lang.Object, java.lang.Object, java.lang.Object)'> (0x000000009b86c648) 
thrown [s\open\src\hotspot\share\interpreter\linkResolver.cpp, line 773]

ZGC Phase Switch (0 events):
No events

VM Operations (20 events):
Event: 1132.983 Executing VM operation: Cleanup
Event: 1132.983 Executing VM operation: Cleanup done
Event: 1144.065 Executing VM operation: Cleanup
Event: 1144.065 Executing VM operation: Cleanup done
Event: 1145.068 Executing VM operation: Cleanup
Event: 1145.068 Executing VM operation: Cleanup done
Event: 1174.261 Executing VM operation: Cleanup
Event: 1174.261 Executing VM operation: Cleanup done
Event: 1204.491 Executing VM operation: Cleanup
Event: 1204.491 Executing VM operation: Cleanup done
Event: 1263.894 Executing VM operation: Cleanup
Event: 1263.894 Executing VM operation: Cleanup done
Event: 1294.099 Executing VM operation: Cleanup
Event: 1294.114 Executing VM operation: Cleanup done
Event: 1295.122 Executing VM operation: Cleanup
Event: 1295.122 Executing VM operation: Cleanup done
Event: 1317.277 Executing VM operation: Cleanup
Event: 1317.277 Executing VM operation: Cleanup done
Event: 1324.346 Executing VM operation: Cleanup
Event: 1324.346 Executing VM operation: Cleanup done

Events (20 events):
Event: 62.753 Thread 0x000002e09f2716f0 Thread added: 0x000002e09f2716f0
Event: 62.769 Thread 0x000002e09f273e50 Thread added: 0x000002e09f273e50
Event: 91.706 Thread 0x000002e09e5cf250 Thread added: 0x000002e09e5cf250
Event: 92.788 Thread 0x000002e09e5cf250 Thread exited: 0x000002e09e5cf250
Event: 92.812 Thread 0x000002e09e5cf250 Thread added: 0x000002e09e5cf250
Event: 92.896 Thread 0x000002e09f5ffb60 Thread exited: 0x000002e09f5ffb60
Event: 95.835 Thread 0x000002e09e5cf250 Thread exited: 0x000002e09e5cf250
Event: 122.850 Thread 0x000002e09e5cf250 Thread added: 0x000002e09e5cf250
Event: 125.862 Thread 0x000002e09e5cf250 Thread exited: 0x000002e09e5cf250
Event: 242.981 Thread 0x000002e09e5cf250 Thread added: 0x000002e09e5cf250
Event: 248.000 Thread 0x000002e09e5cf250 Thread exited: 0x000002e09e5cf250
Event: 331.740 Thread 0x000002e09f2744e0 Thread added: 0x000002e09f2744e0
Event: 333.135 Thread 0x000002e09e5cf250 Thread added: 0x000002e09e5cf250
Event: 335.862 Thread 0x000002e09e5cf250 Thread exited: 0x000002e09e5cf250
Event: 513.308 Thread 0x000002e09e5cf250 Thread added: 0x000002e09e5cf250
Event: 518.334 Thread 0x000002e09e5cf250 Thread exited: 0x000002e09e5cf250
Event: 611.302 Thread 0x000002e09e5cf250 Thread added: 0x000002e09e5cf250
Event: 616.219 Thread 0x000002e09e5cf250 Thread exited: 0x000002e09e5cf250
Event: 993.786 Thread 0x000002e09e5cf250 Thread added: 0x000002e09e5cf250
Event: 998.814 Thread 0x000002e09e5cf250 Thread exited: 0x000002e09e5cf250


Dynamic libraries:
0x00007ff7eeea0000 - 0x00007ff7eeeb0000 	C:\Program Files\Java\jdk-21\bin\java.exe
0x00007ffbdcee0000 - 0x00007ffbdd146000 	C:\WINDOWS\SYSTEM32\ntdll.dll
0x00007ffbdbf00000 - 0x00007ffbdbfc9000 	C:\WINDOWS\System32\KERNEL32.DLL
0x00007ffbda0f0000 - 0x00007ffbda4ef000 	C:\WINDOWS\System32\KERNELBASE.dll
0x00007ffbda960000 - 0x00007ffbdaaac000 	C:\WINDOWS\System32\ucrtbase.dll
0x00007ffbc8ec0000 - 0x00007ffbc8ed9000 	C:\Program Files\Java\jdk-21\bin\jli.dll
0x00007ffbdbe30000 - 0x00007ffbdbeec000 	C:\WINDOWS\System32\ADVAPI32.dll
0x00007ffbdbd80000 - 0x00007ffbdbe29000 	C:\WINDOWS\System32\msvcrt.dll
0x00007ffbdcdb0000 - 0x00007ffbdce5a000 	C:\WINDOWS\System32\sechost.dll
0x00007ffbdca20000 - 0x00007ffbdcb38000 	C:\WINDOWS\System32\RPCRT4.dll
0x00007ffbdc090000 - 0x00007ffbdc256000 	C:\WINDOWS\System32\USER32.dll
0x00007ffbda800000 - 0x00007ffbda827000 	C:\WINDOWS\System32\win32u.dll
0x00007ffbdc880000 - 0x00007ffbdc8ab000 	C:\WINDOWS\System32\GDI32.dll
0x00007ffbda830000 - 0x00007ffbda959000 	C:\WINDOWS\System32\gdi32full.dll
0x00007ffbda5c0000 - 0x00007ffbda663000 	C:\WINDOWS\System32\msvcp_win.dll
0x00007ffbc7860000 - 0x00007ffbc787b000 	C:\Program Files\Java\jdk-21\bin\VCRUNTIME140.dll
0x00007ffbc3bf0000 - 0x00007ffbc3e81000 	C:\WINDOWS\WinSxS\amd64_microsoft.windows.common-controls_6595b64144ccf1df_6.0.26100.8972_none_3e0da176e32f9d4b\COMCTL32.dll
0x00007ffbd0a10000 - 0x00007ffbd0a1b000 	C:\WINDOWS\SYSTEM32\VERSION.dll
0x00007ffbdce60000 - 0x00007ffbdce92000 	C:\WINDOWS\System32\IMM32.DLL
0x00007ffbd6e90000 - 0x00007ffbd6e9c000 	C:\Program Files\Java\jdk-21\bin\vcruntime140_1.dll
0x00007ffb92e20000 - 0x00007ffb92eae000 	C:\Program Files\Java\jdk-21\bin\msvcp140.dll
0x00007ffb5dcc0000 - 0x00007ffb5e9d8000 	C:\Program Files\Java\jdk-21\bin\server\jvm.dll
0x00007ffbdcb40000 - 0x00007ffbdcbc2000 	C:\WINDOWS\System32\WS2_32.dll
0x00007ffbcea40000 - 0x00007ffbcea76000 	C:\WINDOWS\SYSTEM32\WINMM.dll
0x00007ffbd9f70000 - 0x00007ffbd9fce000 	C:\WINDOWS\SYSTEM32\POWRPROF.dll
0x00007ffbd9f30000 - 0x00007ffbd9f45000 	C:\WINDOWS\SYSTEM32\UMPDC.dll
0x00007ffbd8dc0000 - 0x00007ffbd8ddb000 	C:\WINDOWS\SYSTEM32\kernel.appcore.dll
0x00007ffbc60f0000 - 0x00007ffbc60fa000 	C:\Program Files\Java\jdk-21\bin\jimage.dll
0x00007ffbcfcc0000 - 0x00007ffbcff02000 	C:\WINDOWS\SYSTEM32\DBGHELP.DLL
0x00007ffbdc350000 - 0x00007ffbdc6d5000 	C:\WINDOWS\System32\combase.dll
0x00007ffbdbb90000 - 0x00007ffbdbc69000 	C:\WINDOWS\System32\OLEAUT32.dll
0x00007ffbc4c00000 - 0x00007ffbc4c3b000 	C:\WINDOWS\SYSTEM32\dbgcore.DLL
0x00007ffbda500000 - 0x00007ffbda5ac000 	C:\WINDOWS\System32\bcryptPrimitives.dll
0x00007ffbbf180000 - 0x00007ffbbf18f000 	C:\Program Files\Java\jdk-21\bin\instrument.dll
0x00007ffbb5b60000 - 0x00007ffbb5b7f000 	C:\Program Files\Java\jdk-21\bin\java.dll
0x00007ffbdb220000 - 0x00007ffbdb9a8000 	C:\WINDOWS\System32\SHELL32.dll
0x00007ffbd7b60000 - 0x00007ffbd83fb000 	C:\WINDOWS\SYSTEM32\windows.storage.dll
0x00007ffbdb0a0000 - 0x00007ffbdb199000 	C:\WINDOWS\System32\SHCORE.dll
0x00007ffbdc260000 - 0x00007ffbdc2c6000 	C:\WINDOWS\System32\shlwapi.dll
0x00007ffbda010000 - 0x00007ffbda039000 	C:\WINDOWS\SYSTEM32\profapi.dll
0x00007ffb90d60000 - 0x00007ffb90e37000 	C:\Program Files\Java\jdk-21\bin\jsvml.dll
0x00007ffbb2860000 - 0x00007ffbb2878000 	C:\Program Files\Java\jdk-21\bin\zip.dll
0x00007ffbbef30000 - 0x00007ffbbef40000 	C:\Program Files\Java\jdk-21\bin\net.dll
0x00007ffbd3130000 - 0x00007ffbd3258000 	C:\WINDOWS\SYSTEM32\WINHTTP.dll
0x00007ffbd9390000 - 0x00007ffbd93fc000 	C:\WINDOWS\system32\mswsock.dll
0x00007ffbb2900000 - 0x00007ffbb2916000 	C:\Program Files\Java\jdk-21\bin\nio.dll
0x00007ffbb26f0000 - 0x00007ffbb270a000 	C:\Program Files\JetBrains\IntelliJ IDEA Community Edition 2024.2.4\bin\breakgen64.dll
0x00007ffbb6f20000 - 0x00007ffbb6f29000 	C:\Program Files\Java\jdk-21\bin\extnet.dll
0x00007ffbbed50000 - 0x00007ffbbed5a000 	C:\Program Files\Java\jdk-21\bin\management.dll
0x00007ffbbe4f0000 - 0x00007ffbbe4fb000 	C:\Program Files\Java\jdk-21\bin\management_ext.dll
0x00007ffbdb9d0000 - 0x00007ffbdb9d8000 	C:\WINDOWS\System32\PSAPI.DLL
0x00007ffbd8750000 - 0x00007ffbd8783000 	C:\WINDOWS\SYSTEM32\IPHLPAPI.DLL
0x00007ffbdbd70000 - 0x00007ffbdbd7a000 	C:\WINDOWS\System32\NSI.dll
0x00007ffbd87a0000 - 0x00007ffbd88f8000 	C:\WINDOWS\SYSTEM32\DNSAPI.dll
0x00007ffbd9190000 - 0x00007ffbd919d000 	C:\WINDOWS\SYSTEM32\DSPARSE.dll
0x00007ffbd26b0000 - 0x00007ffbd26bb000 	C:\Windows\System32\rasadhlp.dll
0x00007ffbd3870000 - 0x00007ffbd38f6000 	C:\WINDOWS\System32\fwpuclnt.dll
0x00007ffbb9530000 - 0x00007ffbb953e000 	C:\Program Files\Java\jdk-21\bin\sunmscapi.dll
0x00007ffbda670000 - 0x00007ffbda7ee000 	C:\WINDOWS\System32\CRYPT32.dll
0x00007ffbd98c0000 - 0x00007ffbd98f0000 	C:\WINDOWS\SYSTEM32\ncrypt.dll
0x00007ffbd9870000 - 0x00007ffbd98af000 	C:\WINDOWS\SYSTEM32\NTASN1.dll
0x00007ffbd9680000 - 0x00007ffbd969b000 	C:\WINDOWS\SYSTEM32\CRYPTSP.dll
0x00007ffbd8d10000 - 0x00007ffbd8d49000 	C:\WINDOWS\system32\rsaenh.dll
0x00007ffbd9440000 - 0x00007ffbd9472000 	C:\WINDOWS\SYSTEM32\USERENV.dll
0x00007ffbd9fe0000 - 0x00007ffbda00a000 	C:\WINDOWS\SYSTEM32\bcrypt.dll
0x00007ffbd96a0000 - 0x00007ffbd96ac000 	C:\WINDOWS\SYSTEM32\CRYPTBASE.dll
0x00007ffbb3fd0000 - 0x00007ffbb3fe0000 	C:\Program Files\Java\jdk-21\bin\verify.dll
0x00007ffbd0c30000 - 0x00007ffbd0c38000 	C:\WINDOWS\system32\wshunix.dll

dbghelp: loaded successfully - version: 4.0.5 - missing functions: none
symbol engine: initialized successfully - sym options: 0x614 - pdb path: .;C:\Program Files\Java\jdk-21\bin;C:\WINDOWS\SYSTEM32;C:\WINDOWS\WinSxS\amd64_microsoft.windows.common-controls_6595b64144ccf1df_6.0.26100.8972_none_3e0da176e32f9d4b;C:\Program Files\Java\jdk-21\bin\server;C:\Program Files\JetBrains\IntelliJ IDEA Community Edition 2024.2.4\bin

VM Arguments:
jvm_args: -javaagent:C:\Program Files\JetBrains\IntelliJ IDEA Community Edition 2024.2.4\lib\idea_rt.jar=49924:C:\Program Files\JetBrains\IntelliJ IDEA Community Edition 2024.2.4\bin -Dfile.encoding=UTF-8 -Dsun.stdout.encoding=UTF-8 -Dsun.stderr.encoding=UTF-8 
java_command: com.salon.salon.service.SalonServiceApplication
java_class_path (initial): E:\Salon Booking\microservices\salon-service\target\classes;C:\Users\Asus\.m2\repository\org\springframework\boot\spring-boot-starter-data-jpa\4.0.7\spring-boot-starter-data-jpa-4.0.7.jar;C:\Users\Asus\.m2\repository\org\springframework\boot\spring-boot-starter\4.0.7\spring-boot-starter-4.0.7.jar;C:\Users\Asus\.m2\repository\org\springframework\boot\spring-boot-starter-logging\4.0.7\spring-boot-starter-logging-4.0.7.jar;C:\Users\Asus\.m2\repository\ch\qos\logback\logback-classic\1.5.34\logback-classic-1.5.34.jar;C:\Users\Asus\.m2\repository\ch\qos\logback\logback-core\1.5.34\logback-core-1.5.34.jar;C:\Users\Asus\.m2\repository\org\apache\logging\log4j\log4j-to-slf4j\2.25.4\log4j-to-slf4j-2.25.4.jar;C:\Users\Asus\.m2\repository\org\apache\logging\log4j\log4j-api\2.25.4\log4j-api-2.25.4.jar;C:\Users\Asus\.m2\repository\org\slf4j\jul-to-slf4j\2.0.18\jul-to-slf4j-2.0.18.jar;C:\Users\Asus\.m2\repository\jakarta\annotation\jakarta.annotation-api\3.0.0\jakarta.annotation-api-3.0.0.jar;C:\Users\Asus\.m2\repository\org\yaml\snakeyaml\2.5\snakeyaml-2.5.jar;C:\Users\Asus\.m2\repository\org\springframework\boot\spring-boot-starter-jdbc\4.0.7\spring-boot-starter-jdbc-4.0.7.jar;C:\Users\Asus\.m2\repository\com\zaxxer\HikariCP\7.0.2\HikariCP-7.0.2.jar;C:\Users\Asus\.m2\repository\org\springframework\boot\spring-boot-data-jpa\4.0.7\spring-boot-data-jpa-4.0.7.jar;C:\Users\Asus\.m2\repository\org\springframework\boot\spring-boot-data-commons\4.0.7\spring-boot-data-commons-4.0.7.jar;C:\Users\Asus\.m2\repository\org\springframework\boot\spring-boot-persistence\4.0.7\spring-boot-persistence-4.0.7.jar;C:\Users\Asus\.m2\repository\org\springframework\data\spring-data-commons\4.0.6\spring-data-commons-4.0.6.jar;C:\Users\Asus\.m2\repository\org\springframework\boot\spring-boot-hibernate\4.0.7\spring-boot-hibernate-4.0.7.jar;C:\Users\Asus\.m2\repository\org\springframework\boot\spring-boot-jpa\4.0.7\spring-boot-jpa-4.0.7.jar;C:\Users\Asus\.m2\repository\jakarta\persistence\jakarta.persistence-api\3.2.0\jakarta.persistence-api-3.2.0.jar;C:\Users\Asus\.m2\repository\org\hibernate\orm\hibernate-core\7.2.19.Final\hibernate-core-7.2.19.Final.jar;C:\Users\Asus\.m2\repository\jakarta\transaction\jakarta.transaction-api\2.0.1\jakarta.transaction-api-2.0.1.jar;C:\Users\Asus\.m2\repository\org\hibernate\models\hibernate-models\1.0.1\hibernate-models-1.0.1.jar;C:\Users\Asus\.m2\repository\org\glassfish\jaxb\jaxb-runtime\4.0.9\jaxb-runtime-4.0.9.jar;C:\Users\Asus\.m2\repository\org\glassfish\jaxb\jaxb-core\4.0.9\jaxb-core-4.0.9.jar;C:\Users\Asus\.m2\repository\org\eclipse\angus\angus-activation\2.0.3\angus-activation-2.0.3.jar;C:\Users\Asus\.m2\repository\org\glassfish\jaxb\txw2\4.0.9\txw2-4.0.9.jar;C:\Users\Asus\.m2\repository\com\sun\istack\istack-commons-runtime\4.1.2\istack-commons-runtime-4.1.2.jar;C:\Users\Asus\.m2\repository\org\springframework\spring-orm\7.0.8\spring-orm-7.0.8.jar;C:\Users\Asus\.m2\repository\org\springframework\data\spring-data-jpa\4.0.6\spring-data-jpa-4.0.6.jar;C:\Users\Asus\.m2\repository\org\springframework\spring-aop\7.0.8\spring-aop-7.0.8.jar;C:\Users\Asus\.m2\repository\org\springframework\spring-tx\7.0.8\spring-tx-7.0.8.jar;C:\Users\Asus\.m2\repository\org\springframework\spring-beans\7.0.8\spring-beans-7.0.8.jar;C:\Users\Asus\.m2\repository\org\antlr\antlr4-runtime\4.13.2\antlr4-runtime-4.13.2.jar;C:\Users\Asus\.m2\repository\org\springframework\spring-aspects\7.0.8\spring-aspects-7.0.8.jar;C:\Users\Asus\.m2\repository\org\aspectj\aspectjweaver\1.9.25.1\aspectjweaver-1.9.25.1.jar;C:\Users\Asus\.m2\repository\org\springframework\boot\spring-boot-jdbc\4.0.7\spring-boot-jdbc-4.0.7.jar;C:\Users\Asus\.m2\repository\org\springframework\boot\spring-boot-sql\4.0.7\spring-boot-sql-4.0.7.jar;C:\Users\Asus\.m2\repository\org\springframework\boot\spring-boot-transaction\4.0.7\spring-boot-transaction-4.0.7.jar;C:\Users\Asus\.m2\repository\org\springframework\spring-jdbc\7.0.8\spring-jdbc-7.0.8.jar;C:\Users\Asus\.m2\repository\org\springframework\boot\spring-boot-starter-validation\4.0.7\spring-boot-starter-validation-4.0.7.jar;C:\Users\Asus\.m2\repository\org\springframework\boot\spring-boot-validation\4.0.7\spring-boot-validation-4.0.7.jar;C:\Users\Asus\.m2\repository\org\apache\tomcat\embed\tomcat-embed-el\11.0.22\tomcat-embed-el-11.0.22.jar;C:\Users\Asus\.m2\repository\org\hibernate\validator\hibernate-validator\9.0.1.Final\hibernate-validator-9.0.1.Final.jar;C:\Users\Asus\.m2\repository\jakarta\validation\jakarta.validation-api\3.1.1\jakarta.validation-api-3.1.1.jar;C:\Users\Asus\.m2\repository\org\jboss\logging\jboss-logging\3.6.3.Final\jboss-logging-3.6.3.Final.jar;C:\Users\Asus\.m2\repository\com\fasterxml\classmate\1.7.3\classmate-1.7.3.jar;C:\Users\Asus\.m2\repository\org\springframework\boot\spring-boot-starter-webmvc\4.0.7\spring-boot-starter-webmvc-4.0.7.jar;C:\Users\Asus\.m2\repository\org\springframework\boot\spring-boot-starter-jackson\4.0.7\spring-boot-starter-jackson-4.0.7.jar;C:\Users\Asus\.m2\repository\org\springframework\boot\spring-boot-jackson\4.0.7\spring-boot-jackson-4.0.7.jar;C:\Users\Asus\.m2\repository\tools\jackson\core\jackson-databind\3.1.4\jackson-databind-3.1.4.jar;C:\Users\Asus\.m2\repository\tools\jackson\core\jackson-core\3.1.4\jackson-core-3.1.4.jar;C:\Users\Asus\.m2\repository\org\springframework\boot\spring-boot-starter-tomcat\4.0.7\spring-boot-starter-tomcat-4.0.7.jar;C:\Users\Asus\.m2\repository\org\springframework\boot\spring-boot-starter-tomcat-runtime\4.0.7\spring-boot-starter-tomcat-runtime-4.0.7.jar;C:\Users\Asus\.m2\repository\org\apache\tomcat\embed\tomcat-embed-core\11.0.22\tomcat-embed-core-11.0.22.jar;C:\Users\Asus\.m2\repository\org\apache\tomcat\embed\tomcat-embed-websocket\11.0.22\tomcat-embed-websocket-11.0.22.jar;C:\Users\Asus\.m2\repository\org\springframework\boot\spring-boot-tomcat\4.0.7\spring-boot-tomcat-4.0.7.jar;C:\Users\Asus\.m2\repository\org\springframework\boot\spring-boot-http-converter\4.0.7\spring-boot-http-converter-4.0.7.jar;C:\Users\Asus\.m2\repository\org\springframework\spring-web\7.0.8\spring-web-7.0.8.jar;C:\Users\Asus\.m2\repository\io\micrometer\micrometer-observation\1.16.6\micrometer-observation-1.16.6.jar;C:\Users\Asus\.m2\repository\io\micrometer\micrometer-commons\1.16.6\micrometer-commons-1.16.6.jar;C:\Users\Asus\.m2\repository\org\springframework\boot\spring-boot-webmvc\4.0.7\spring-boot-webmvc-4.0.7.jar;C:\Users\Asus\.m2\repository\org\springframework\boot\spring-boot-servlet\4.0.7\spring-boot-servlet-4.0.7.jar;C:\Users\Asus\.m2\repository\org\springframework\spring-webmvc\7.0.8\spring-webmvc-7.0.8.jar;C:\Users\Asus\.m2\repository\org\springframework\spring-expression\7.0.8\spring-expression-7.0.8.jar;C:\Users\Asus\.m2\repository\org\springframework\cloud\spring-cloud-starter-netflix-eureka-client\5.0.1\spring-cloud-starter-netflix-eureka-client-5.0.1.jar;C:\Users\Asus\.m2\repository\org\springframework\cloud\spring-cloud-starter\5.0.1\spring-cloud-starter-5.0.1.jar;C:\Users\Asus\.m2\repository\org\springframework\cloud\spring-cloud-context\5.0.1\spring-cloud-context-5.0.1.jar;C:\Users\Asus\.m2\repository\org\springframework\boot\spring-boot-restclient\4.0.7\spring-boot-restclient-4.0.7.jar;C:\Users\Asus\.m2\repository\org\springframework\boot\spring-boot-http-client\4.0.7\spring-boot-http-client-4.0.7.jar;C:\Users\Asus\.m2\repository\org\springframework\security\spring-security-crypto\7.0.6\spring-security-crypto-7.0.6.jar;C:\Users\Asus\.m2\repository\org\springframework\cloud\spring-cloud-commons\5.0.1\spring-cloud-commons-5.0.1.jar;C:\Users\Asus\.m2\repository\org\bouncycastle\bcprov-jdk18on\1.81\bcprov-jdk18on-1.81.jar;C:\Users\Asus\.m2\repository\org\springframework\cloud\spring-cloud-netflix-eureka-client\5.0.1\spring-cloud-netflix-eureka-client-5.0.1.jar;C:\Users\Asus\.m2\repository\org\springframework\boot\spring-boot-jackson2\4.0.7\spring-boot-jackson2-4.0.7.jar;C:\Users\Asus\.m2\repository\com\fasterxml\jackson\datatype\jackson-datatype-jdk8\2.21.4\jackson-datatype-jdk8-2.21.4.jar;C:\Users\Asus\.m2\repository\com\fasterxml\jackson\datatype\jackson-datatype-jsr310\2.21.4\jackson-datatype-jsr310-2.21.4.jar;C:\Users\Asus\.m2\repository\com\fasterxml\jackson\module\jackson-module-parameter-names\2.21.4\jackson-module-parameter-names-2.21.4.jar;C:\Users\Asus\.m2\repository\org\apache\httpcomponents\client5\httpclient5\5.5.2\httpclient5-5.5.2.jar;C:\Users\Asus\.m2\repository\org\apache\httpcomponents\core5\httpcore5\5.3.6\httpcore5-5.3.6.jar;C:\Users\Asus\.m2\repository\org\apache\httpcomponents\core5\httpcore5-h2\5.3.6\httpcore5-h2-5.3.6.jar;C:\Users\Asus\.m2\repository\com\netflix\eureka\eureka-client\2.0.5\eureka-client-2.0.5.jar;C:\Users\Asus\.m2\repository\com\thoughtworks\xstream\xstream\1.4.21\xstream-1.4.21.jar;C:\Users\Asus\.m2\repository\io\github\x-stream\mxparser\1.2.2\mxparser-1.2.2.jar;C:\Users\Asus\.m2\repository\xmlpull\xmlpull\1.1.3.1\xmlpull-1.1.3.1.jar;C:\Users\Asus\.m2\repository\jakarta\ws\rs\jakarta.ws.rs-api\4.0.0\jakarta.ws.rs-api-4.0.0.jar;C:\Users\Asus\.m2\repository\jakarta\inject\jakarta.inject-api\2.0.1\jakarta.inject-api-2.0.1.jar;C:\Users\Asus\.m2\repository\com\netflix\spectator\spectator-api\1.7.3\spectator-api-1.7.3.jar;C:\Users\Asus\.m2\repository\org\slf4j\slf4j-api\2.0.18\slf4j-api-2.0.18.jar;C:\Users\Asus\.m2\repository\org\apache\httpcomponents\httpclient\4.5.3\httpclient-4.5.3.jar;C:\Users\Asus\.m2\repository\org\apache\httpcomponents\httpcore\4.4.16\httpcore-4.4.16.jar;C:\Users\Asus\.m2\repository\commons-codec\commons-codec\1.19.0\commons-codec-1.19.0.jar;C:\Users\Asus\.m2\repository\commons-configuration\commons-configuration\1.10\commons-configuration-1.10.jar;C:\Users\Asus\.m2\repository\commons-lang\commons-lang\2.6\commons-lang-2.6.jar;C:\Users\Asus\.m2\repository\com\fasterxml\jackson\core\jackson-annotations\2.21\jackson-annotations-2.21.jar;C:\Users\Asus\.m2\repository\com\fasterxml\jackson\core\jackson-core\2.21.4\jackson-core-2.21.4.jar;C:\Users\Asus\.m2\repository\com\fasterxml\jackson\core\jackson-databind\2.21.4\jackson-databind-2.21.4.jar;C:\Users\Asus\.m2\repository\com\netflix\netflix-commons\netflix-eventbus\0.3.0\netflix-eventbus-0.3.0.jar;C:\Users\Asus\.m2\repository\com\netflix\netflix-commons\netflix-infix\0.3.0\netflix-infix-0.3.0.jar;C:\Users\Asus\.m2\repository\commons-jxpath\commons-jxpath\1.3\commons-jxpath-1.3.jar;C:\Users\Asus\.m2\repository\joda-time\joda-time\2.3\joda-time-2.3.jar;C:\Users\Asus\.m2\repository\org\antlr\antlr-runtime\3.4\antlr-runtime-3.4.jar;C:\Users\Asus\.m2\repository\org\antlr\stringtemplate\3.2.1\stringtemplate-3.2.1.jar;C:\Users\Asus\.m2\repository\antlr\antlr\2.7.7\antlr-2.7.7.jar;C:\Users\Asus\.m2\repository\com\google\code\gson\gson\2.13.2\gson-2.13.2.jar;C:\Users\Asus\.m2\repository\com\google\errorprone\error_prone_annotations\2.41.0\error_prone_annotations-2.41.0.jar;C:\Users\Asus\.m2\repository\com\netflix\servo\servo-core\0.5.3\servo-core-0.5.3.jar;C:\Users\Asus\.m2\repository\org\apache\commons\commons-math\2.2\commons-math-2.2.jar;C:\Users\Asus\.m2\repository\javax\annotation\javax.annotation-api\1.2\javax.annotation-api-1.2.jar;C:\Users\Asus\.m2\repository\org\codehaus\jettison\jettison\1.5.4\jettison-1.5.4.jar;C:\Users\Asus\.m2\repository\org\springframework\cloud\spring-cloud-starter-loadbalancer\5.0.1\spring-cloud-starter-loadbalancer-5.0.1.jar;C:\Users\Asus\.m2\repository\org\springframework\cloud\spring-cloud-loadbalancer\5.0.1\spring-cloud-loadbalancer-5.0.1.jar;C:\Users\Asus\.m2\repository\io\projectreactor\reactor-core\3.8.6\reactor-core-3.8.6.jar;C:\Users\Asus\.m2\repository\org\reactivestreams\reactive-streams\1.0.4\reactive-streams-1.0.4.jar;C:\Users\Asus\.m2\repository\io\projectreactor\addons\reactor-extra\3.6.0\reactor-extra-3.6.0.jar;C:\Users\Asus\.m2\repository\org\springframework\boot\spring-boot-starter-cache\4.0.7\spring-boot-starter-cache-4.0.7.jar;C:\Users\Asus\.m2\repository\org\springframework\boot\spring-boot-cache\4.0.7\spring-boot-cache-4.0.7.jar;C:\Users\Asus\.m2\repository\org\springframework\spring-context-support\7.0.8\spring-context-support-7.0.8.jar;C:\Users\Asus\.m2\repository\com\stoyanr\evictor\1.0.0\evictor-1.0.0.jar;C:\Users\Asus\.m2\repository\com\mysql\mysql-connector-j\9.7.0\mysql-connector-j-9.7.0.jar;C:\Users\Asus\.m2\repository\org\projectlombok\lombok\1.18.46\lombok-1.18.46.jar;C:\Users\Asus\.m2\repository\org\springframework\boot\spring-boot-devtools\4.0.7\spring-boot-devtools-4.0.7.jar;C:\Users\Asus\.m2\repository\org\springframework\boot\spring-boot\4.0.7\spring-boot-4.0.7.jar;C:\Users\Asus\.m2\repository\org\springframework\spring-core\7.0.8\spring-core-7.0.8.jar;C:\Users\Asus\.m2\repository\commons-logging\commons-logging\1.3.6\commons-logging-1.3.6.jar;C:\Users\Asus\.m2\repository\org\jspecify\jspecify\1.0.0\jspecify-1.0.0.jar;C:\Users\Asus\.m2\repository\org\springframework\spring-context\7.0.8\spring-context-7.0.8.jar;C:\Users\Asus\.m2\repository\org\springframework\boot\spring-boot-autoconfigure\4.0.7\spring-boot-autoconfigure-4.0.7.jar;C:\Users\Asus\.m2\repository\jakarta\xml\bind\jakarta.xml.bind-api\4.0.5\jakarta.xml.bind-api-4.0.5.jar;C:\Users\Asus\.m2\repository\jakarta\activation\jakarta.activation-api\2.1.4\jakarta.activation-api-2.1.4.jar;C:\Users\Asus\.m2\repository\net\bytebuddy\byte-buddy\1.17.8\byte-buddy-1.17.8.jar;C:\Users\Asus\.m2\repository\org\springframework\boot\spring-boot-web-server\4.0.7\spring-boot-web-server-4.0.7.jar
Launcher Type: SUN_STANDARD

[Global flags]
     intx CICompilerCount                          = 12                                        {product} {ergonomic}
     uint ConcGCThreads                            = 3                                         {product} {ergonomic}
     uint G1ConcRefinementThreads                  = 13                                        {product} {ergonomic}
   size_t G1HeapRegionSize                         = 1048576                                   {product} {ergonomic}
    uintx GCDrainStackTargetSize                   = 64                                        {product} {ergonomic}
   size_t InitialHeapSize                          = 125829120                                 {product} {ergonomic}
   size_t MarkStackSize                            = 4194304                                   {product} {ergonomic}
   size_t MaxHeapSize                              = 1992294400                                {product} {ergonomic}
   size_t MaxNewSize                               = 1195376640                                {product} {ergonomic}
   size_t MinHeapDeltaBytes                        = 1048576                                   {product} {ergonomic}
   size_t MinHeapSize                              = 8388608                                   {product} {ergonomic}
    uintx NonNMethodCodeHeapSize                   = 7602480                                {pd product} {ergonomic}
    uintx NonProfiledCodeHeapSize                  = 122027880                              {pd product} {ergonomic}
    uintx ProfiledCodeHeapSize                     = 122027880                              {pd product} {ergonomic}
    uintx ReservedCodeCacheSize                    = 251658240                              {pd product} {ergonomic}
     bool SegmentedCodeCache                       = true                                      {product} {ergonomic}
   size_t SoftMaxHeapSize                          = 1992294400                             {manageable} {ergonomic}
     bool UseCompressedOops                        = true                           {product lp64_product} {ergonomic}
     bool UseG1GC                                  = true                                      {product} {ergonomic}
     bool UseLargePagesIndividualAllocation        = false                                  {pd product} {ergonomic}

Logging:
Log output configuration:
 #0: stdout all=warning uptime,level,tags foldmultilines=false
 #1: stderr all=off uptime,level,tags foldmultilines=false

Environment Variables:
PATH=C:\Python314\Scripts\;C:\Python314\;F:\oracle\product\10.2.0\db_1\bin;C:\Program Files\Common Files\Oracle\Java\javapath;C:\Windows\system32;C:\Windows;C:\Windows\System32\Wbem;C:\Windows\System32\WindowsPowerShell\v1.0\;C:\Windows\System32\OpenSSH\;C:\Program Files (x86)\NVIDIA Corporation\PhysX\Common;C:\Program Files\NVIDIA Corporation\NVIDIA NvDLISR;C:\Program Files\Java\jdk-21\bin;C:\Program Files\Git\cmd;C:\Program Files\Git\mingw64\bin;C:\Program Files\Git\usr\bin;C:\ProgramData\chocolatey\bin;C:\Program Files\MongoDB\Server\8.0\bin;C:\Program Files\MongoDB\Server\8.0\bin\mongod.cfg;C:\WINDOWS\system32;C:\WINDOWS;C:\WINDOWS\System32\Wbem;C:\WINDOWS\System32\WindowsPowerShell\v1.0\;C:\WINDOWS\System32\OpenSSH\;C:\apache-maven-3.9.16\bin;C:\Program Files\dotnet\;C:\Program Files\nodejs\;C:\Program Files\MySQL\MySQL Shell 8.0\bin\;C:\Users\Asus\AppData\Local\Microsoft\WindowsApps;C:\Users\Asus\AppData\Local\Programs\Microsoft VS Code\bin;C:\Users\Asus\AppData\Local\Programs\mongosh\;C:\Users\Asus\AppData\Roaming\npm;C:\ProgramData\Asus\GitHubDesktop\bin;C:\Users\Asus\AppData\Local\GitHubDesktop\bin;C:\Users\Asus\AppData\Local\Programs\DockerDesktop\resources\bin
USERNAME=Asus
OS=Windows_NT
PROCESSOR_IDENTIFIER=AMD64 Family 23 Model 96 Stepping 1, AuthenticAMD
TMP=C:\Users\Asus\AppData\Local\Temp
TEMP=C:\Users\Asus\AppData\Local\Temp




Periodic native trim disabled

---------------  S Y S T E M  ---------------

OS:
 Windows 11 , 64 bit Build 26100 (10.0.26100.9168)
OS uptime: 5 days 1:46 hours
Hyper-V role detected

CPU: total 16 (initial active 16) (16 cores per cpu, 2 threads per core) family 23 model 96 stepping 1 microcode 0x8600106, cx8, cmov, fxsr, ht, mmx, 3dnowpref, sse, sse2, sse3, ssse3, sse4a, sse4.1, sse4.2, popcnt, lzcnt, tsc, tscinvbit, avx, avx2, aes, clmul, bmi1, bmi2, adx, sha, fma, vzeroupper, clflush, clflushopt, hv, rdtscp, rdpid, f16c
Processor Information for all 16 processors :
  Max Mhz: 2901, Current Mhz: 2901, Mhz Limit: 2901

Memory: 4k page, system-wide physical 7597M (351M free)
TotalPageFile size 18861M (AvailPageFile size 0M)
current process WorkingSet (physical memory assigned to process): 85M, peak: 473M
current process commit charge ("private bytes"): 631M, peak: 642M

vm_info: Java HotSpot(TM) 64-Bit Server VM (21.0.5+9-LTS-239) for windows-amd64 JRE (21.0.5+9-LTS-239), built on 2024-09-30T05:17:38Z by "mach5one" with MS VC++ 17.6 (VS2022)

END.
